T_image,T_video,T_read,T_audio,T_hierarchies,T_powerpoint,T_concrete,T_result,N_standard_questions_correct,N_msgs_posted,T_solve_excercise,N_group_discussions,Skipped_los,N_next_button_used,T_spent_in_session,N_questions_on_details,N_questions_on_outlines,learning_style
5.5,12.5,10.5,8.5,6.5,5.5,3,5.5,27,106,10,8.5,3.5,232.5,20,77,56.5,0
6,15,12.5,6,3.5,4,7.5,4,73.5,140.5,8,11,2.5,148,12.5,56,45,0
9,11.5,12,6,4.5,4,7.5,4,35,121,8.5,10.5,9.5,59,20.5,66,32,0
7,8,11,8.5,4.5,2.5,4.5,5,68.5,101.5,7.5,8,6,217.5,18,45,130.5,0
6,12,10,7,4,6,6.5,7.5,68.5,162.5,6.5,5,6.5,249.5,11.5,78,107,0
7,11,13,9,5.5,4,3.5,7,58.5,96.5,12,6.5,14,32.5,13,148,125.5,0
9.5,7.5,13,6,3.5,6,6,5,68.5,110,6.5,14.5,2.5,50,12,31,134,0
5.5,9,5.5,7.5,2.5,3.5,5.5,7,47.5,61,6.5,11.5,2.5,31,19.5,127.5,85,3
6,9.5,13,8,7,6,5.5,4.5,84,150,8,10.5,11,29.5,13.5,67.5,144,0
6,7.5,14.5,9,5.5,6,3,6.5,54.5,168,9,8,6,213,14.5,128.5,25,0
9,10.5,6.5,9.5,2.5,4,5,5,49,235.5,6.5,13,13.5,165.5,18,98,84.5,3
5.5,5,5,6,4.5,3,4,7.5,74,175,10,10.5,0.5,197.5,16.5,44,111,2
6,6,9,7,3,4,5,7.5,15.5,181,7.5,14.5,12.5,82.5,20.5,33.5,31.5,3
5.5,15,11,6,3,2,3.5,5.5,68.5,57,9.5,8,1.5,112.5,11,104,96.5,0
6,8.5,8,6.5,6,2.5,4.5,4.5,79.5,228,7,11,9.5,84.5,14.5,58.5,75,2
9,10,14,10,3,5.5,2.5,6.5,21,54,11,11,12.5,35.5,24,114,57,0
8,12,11,5,6.5,6,2.5,5.5,20,191.5,7,9,1,41.5,11.5,57,77,0
7.5,15,13,9,6.5,5.5,6,4,30,224,7,5.5,2,232.5,13,95.5,55.5,0
6.5,5.5,6.5,6,6.5,3,4.5,4.5,33,117.5,10.5,8.5,0.5,83,24,26.5,56,0
8.5,15,12,7.5,6.5,5,4.5,5.5,45.5,175,9,6.5,14.5,108.5,23.5,148,134.5,3
6,12,5,8.5,2,2.5,6.5,6,100,82.5,6.5,12.5,6,228.5,20,109,126,3
8,10,10,8,6,4,3.5,7.5,82,224.5,6,14.5,2,32,19,44,137.5,0
9.5,14,14,6.5,7,2.5,3.5,6.5,55.5,88,9,12,2,58.5,15,102.5,44,0
6,13,10,6,7,5,2.5,7,60.5,47,10,12.5,14.5,122.5,16,52.5,65.5,0
10,9.5,9,8.5,6,6,2,8,57,217.5,10.5,5.5,14.5,72,17,126.5,60,3
5,14,7,8.5,4.5,5,2.5,7.5,73.5,84,12,13,1.5,82.5,24,92.5,42,0
6.5,10.5,6,7.5,5,2.5,3.5,7.5,44.5,65,6,13.5,1.5,46.5,13,41,108.5,0
6.5,13,8.5,5.5,3.5,2.5,2.5,5.5,79,206,9,7,15,63.5,25,73,130,3
7.5,7,10,6,5.5,5,6,6.5,56,188.5,12,6,2.5,218.5,24.5,52,68.5,3
5.5,7.5,6,7.5,7,6,5,8,74.5,237,11,7,12.5,103,11.5,120.5,115,3
7.5,10.5,10,6,4.5,3.5,2,7.5,95,93.5,6.5,6.5,3,173,11.5,66,30.5,0
5.5,8.5,6,8,2.5,4.5,7.5,7,82.5,168,7,10,4,215.5,10,34,60,1
7,8,11,5.5,3.5,2,3.5,6,97.5,83.5,6.5,14,13.5,91.5,24,120,35,3
8,14.5,6,9.5,4,6,5.5,8,98,168.5,10,5,3.5,172.5,20.5,95,123,0
8,12.5,12.5,7.5,5,5,5,8,27,212.5,6,6,13.5,213,17.5,27,32,0
5.5,11,6.5,8.5,3.5,6.5,6,6.5,94.5,245.5,10,6.5,10.5,122.5,20,112.5,98,3
9.5,9,9,6.5,2,6.5,3.5,5.5,36.5,191.5,7,11.5,10.5,224,13.5,139.5,140,3
6.5,12.5,12.5,9.5,5,4,6.5,6,88.5,226,7,9.5,5,158,22.5,81.5,38,0
7.5,10,9,9,4,5,3,6,90.5,77.5,7,11,13,130.5,20,48,42,3
8.5,7,9,7,5,6.5,5.5,4,78.5,125.5,7.5,5.5,2.5,77,22.5,108,26,3
8,8,6.5,9,4.5,6,6.5,6,49,133,11,10.5,0.5,226,10.5,36.5,87.5,0
9,9.5,8.5,6.5,3.5,5,4.5,7.5,57,234,11.5,7.5,8.5,76.5,18.5,84.5,115.5,0
8.5,11.5,14.5,7.5,6.5,5,3.5,6,33,117,10.5,7,6,217.5,24,76.5,54,0
7,7.5,14.5,7.5,4.5,4.5,3.5,6,37,175,6.5,6.5,2.5,49,17.5,131.5,111,0
9,7,10.5,7.5,5.5,6.5,7,8,27.5,61.5,7.5,11,11.5,214,19,55,121,3
5.5,13.5,7,5.5,7,3,2.5,4.5,43,149.5,8.5,11.5,7.5,192,23.5,49.5,57.5,3
8.5,14,5.5,7,6,6.5,2.5,7.5,31,179,11,7,5,233.5,24.5,36.5,54.5,3
7,11,12,8.5,6.5,3.5,4,5,81,169,9.5,9.5,12,46,25,76,67.5,0
8.5,8,10,9,6.5,4.5,5,7,81.5,70.5,11,12,5,194,19.5,129,138,3
8,13.5,13,9.5,6,3,7.5,6.5,66.5,80.5,10.5,6,7.5,178,19,137.5,114,0
5.5,13.5,5,8,3,5.5,5.5,6.5,92.5,249.5,6,14.5,2,148.5,20.5,82.5,41.5,2
5.5,14,9,8.5,7,4.5,7,5,46,218.5,12,7.5,4.5,245.5,19.5,74.5,65.5,0
5,10.5,9,6.5,4,7,7.5,4.5,18,128,11.5,7.5,1,109.5,19,84,31.5,0
7.5,12,8,8.5,6.5,4.5,2,4.5,58,143,8.5,9.5,6,69,24,92,102.5,0
8.5,13,8.5,5,3,6.5,6.5,7,93.5,213.5,11,8,8.5,108.5,18,67,55.5,0
7,8.5,9,9.5,7,4.5,5.5,7.5,65,76,11,13,6,198.5,18,91,128.5,3
5,5.5,12.5,5.5,4.5,3.5,5,5,53.5,74.5,8,14,11,75,17,53,30,3
5.5,5,11,6.5,4.5,2.5,4.5,7,32.5,247.5,10,9.5,8,239,18,144.5,70,3
7,6.5,10,9,4,6.5,2.5,5,27,92.5,6.5,12.5,7,214.5,20,124.5,93,3
6.5,7.5,10,7,3.5,6.5,5.5,8,77.5,145.5,8.5,14,5,202,17,51.5,71,3
8,7,10,7,6,6,5.5,6,32.5,234,10,9,8.5,63.5,24.5,107,110,3
5,11,9,8.5,6,5.5,3,6.5,36,134,8.5,8,7,38.5,24.5,27.5,56.5,0
5.5,13.5,11.5,6,3,5,6.5,5.5,52.5,163.5,6.5,11.5,11.5,90,11.5,90.5,28.5,0
6,6.5,6.5,5,4.5,5,5.5,5,24.5,30,6.5,12.5,6,158,21,75,77,3
8.5,10.5,6,10,6,7,2,5.5,73.5,138,10.5,7.5,8,187,24.5,97,27,3
8,15,5.5,9.5,4.5,5.5,2,5,40.5,181.5,8,6.5,7,80.5,23.5,119,79,3
8,8.5,8,7.5,2.5,2,7,6,54.5,74.5,9,9,3.5,180.5,18.5,135.5,134,3
7,11,11.5,6,3.5,6,4,6,17,227,11,14.5,11.5,200,11,105.5,100,2
5.5,12,9,8,2,5.5,7.5,6.5,32.5,246.5,8.5,7.5,5.5,126.5,13.5,111,68.5,0
7,12.5,5.5,9,4,3.5,2,4,92.5,203.5,8,6.5,5,218,18.5,62,129,3
5.5,5.5,9.5,6,2.5,6.5,4,4,28.5,222,6,7,9,211,10,115,46.5,3
6.5,9.5,15,6,5.5,5.5,3,5.5,33,166.5,10.5,12.5,7.5,125,23.5,76.5,112.5,0
7,10.5,6.5,9.5,6.5,5.5,2.5,5.5,52,108.5,7,9.5,12,119.5,19.5,70,127,3
5.5,13.5,9.5,7,3,5,2.5,4.5,65,173.5,10,10,13.5,107.5,12,87.5,103.5,0
5,6,5.5,6,3.5,4,7,4.5,23,181,11,10.5,11,173.5,17.5,99,59,3
6.5,8.5,11.5,8.5,6,2.5,4.5,7.5,46,240.5,11,9.5,5,237.5,17.5,42.5,75.5,0
7,9,11,9,6.5,6.5,5,6,22.5,54.5,7.5,7.5,11.5,188.5,11,143.5,127.5,3
10,7,5,6.5,5,7,2,8,83,238,11.5,12,3.5,135.5,22.5,48.5,148,2
7.5,10,7.5,6.5,3,5,2.5,5,75.5,131,7,12,1,129,22,124.5,88,3
7.5,9.5,6,9,4.5,6.5,6,7,50,207,8.5,14.5,0,64,20.5,42.5,103,0
9.5,14,10.5,9.5,6.5,3.5,4,5.5,94.5,245,7.5,6,0.5,44.5,19,48.5,41.5,0
9.5,7.5,5.5,9.5,2,4,5,4,81,237,10.5,7,11.5,103,14.5,114.5,137,3
7,8,5,6.5,5.5,2.5,7.5,7.5,52,124.5,10,11.5,11,246,11.5,31.5,83.5,3
8.5,6,5.5,9,2.5,6.5,3.5,5.5,54,209,11,13.5,4.5,65,10.5,109,67,2
7.5,15,8,9,4,5,5,5.5,57,84,10,9.5,12,105,13,124.5,38,0
5,14,11,8,7,6,4.5,4.5,51,73,9.5,11,1,139.5,24.5,136.5,39,0
7,8,10.5,5,5.5,3.5,6.5,8,66,78,9.5,12,2.5,155.5,12,99.5,128,0
8.5,7.5,9.5,6,5,3.5,6.5,5.5,28,114.5,7.5,8,14.5,73,18.5,99.5,127.5,3
8.5,9.5,15,6.5,5,2.5,3,4.5,83,177,7,13,13,168.5,12,97,63.5,0
8.5,11,10.5,8.5,3,4.5,6,4,74.5,175,6.5,8.5,5.5,69.5,14,92,84,0
9.5,14.5,12,6.5,6.5,2.5,5.5,4.5,79,66.5,11,6.5,4,235.5,24.5,134,131.5,3
5.5,5.5,13.5,7,4.5,6.5,5,4.5,48.5,209.5,9,9.5,11,84.5,12,104,28.5,2
6.5,6,11,8,6.5,5,7.5,5,47.5,136,6.5,9,6,91,11.5,94,87.5,0
6.5,8.5,13,9,5,5.5,4,7,18.5,223.5,10,13,4.5,114.5,16.5,81.5,86.5,0
6.5,6,15,6.5,5.5,6.5,4,5,55.5,99.5,10,6,7.5,40.5,18.5,138.5,89,3
7.5,13.5,5.5,6.5,6.5,2.5,5,6.5,48,183,8,9,3,61.5,19.5,107.5,85.5,0
8,10.5,10,5.5,3,3.5,6.5,7.5,38,26,9,15,14,160.5,14.5,100.5,35.5,3
5.5,8.5,13.5,9.5,5,5,3.5,7,83.5,42.5,11,12.5,10.5,58.5,14,31.5,104,0
8,10,14,10,3,2,4,6,27,62,11,8,10,70.5,12.5,39,129,0
10,14,7.5,5,6.5,6,5,4.5,42.5,120,6.5,8.5,4.5,182.5,12,27.5,63.5,0
9,12,11.5,6,6.5,4,2.5,6,38,54.5,11.5,13.5,0,27.5,22,52,81.5,0
5.5,12.5,5.5,10,2,7,2.5,5.5,75.5,242.5,7.5,7,9.5,28,22,99,84,3
6.5,10,7,7,3.5,7,7,7.5,34,65,9.5,13,11.5,201.5,22.5,106.5,86,3
5.5,9.5,13,6,4.5,4.5,2,6.5,65,69.5,12,7,5.5,240.5,23,72,110,3
5.5,6.5,13,5.5,7,4.5,6,7,74.5,206.5,10,14,7,70,18,145.5,67.5,3
7.5,9.5,14.5,8,3,2,4,5.5,25,237,12,11.5,7,85.5,18.5,136.5,131.5,0
8,11,13,8.5,2.5,6,6.5,4.5,87,38,10,6.5,11.5,35.5,24,48,83.5,0
8.5,6,9.5,9,3,6.5,7,5,82,82,7,6.5,5,163,17,32.5,56.5,0
6.5,7.5,10.5,6,6.5,5.5,4.5,7,90.5,186.5,6.5,5.5,11,111,17.5,91.5,61,3
10,8.5,8.5,8,3.5,3,3,5.5,28.5,53,7.5,6.5,3.5,161.5,10.5,81.5,44.5,0
6,13,7,5.5,7,2.5,3.5,7.5,85.5,243,7,11.5,13,96.5,19.5,118,32,3
8.5,10,7,9,5.5,3.5,6.5,7.5,65.5,212,9,14.5,11.5,34,12,68,56,0
8.5,10.5,11.5,9.5,5.5,4,4.5,6,73,246.5,10,6,3.5,44.5,15.5,28,126,0
8.5,10.5,7,8.5,6.5,5,7,5,66.5,227,9,7,4.5,121.5,21,50.5,47.5,0
9.5,6.5,9.5,7,6.5,6,2.5,6,66,221.5,8.5,11,9.5,115.5,24,34.5,126.5,3
6,7.5,6.5,9,5,4.5,5,6,21.5,84,11,13,8,245.5,24,87.5,106.5,3
5.5,7.5,9.5,6,5,4.5,2.5,5.5,40.5,107,6.5,10,10,132.5,10,40.5,44,0
5.5,14,12,9,3,2,4,6,71.5,54.5,10.5,15,1.5,160,18,143.5,97,0
7.5,7.5,13,6,5.5,6.5,6.5,6.5,47,35.5,8,9,14.5,97.5,10,105.5,118,0
9.5,7.5,9,7,2.5,3.5,4,5.5,15,140.5,9,11,8.5,235,17,95,115,3
9.5,10,8.5,5.5,4,2,3,5,88,86,10.5,6.5,5,218.5,12,73,146,0
6,9.5,10,9,6.5,5.5,2.5,4.5,60,110,9,15,9.5,202,19.5,96.5,120,3
7.5,9,14,5.5,6,3,4,6,25,30.5,8.5,11,11,154.5,19,110.5,86,3
9,14,13,6,3.5,2.5,2.5,4.5,30,208,7.5,8,12,94,23,146.5,40.5,3
7,14.5,10,6,3.5,3.5,5.5,7,41,38,6.5,9,10.5,246.5,19,94,37.5,3
5.5,9,5.5,7.5,2.5,3.5,5,5,50.5,200,11.5,13,11.5,212.5,22,58,127,3
6,15,7,7.5,2.5,4,5.5,5,26.5,166.5,11.5,12,5,78.5,17.5,113.5,81,0
6.5,7,11,6,6.5,6.5,6,6.5,98.5,34.5,8.5,11.5,14,197,18.5,65.5,137,3
7,10.5,11.5,7.5,6,5,6,8,93,235.5,9.5,8,10,188.5,19,131,121.5,3
5.5,13,5.5,7,5.5,4.5,8,7,96.5,49.5,9,10,7.5,25.5,20.5,76.5,27,1
9,12,11.5,6.5,5,6,5,6.5,24.5,65.5,7.5,12.5,5,223.5,21,78,120.5,3
7,9.5,14,7.5,4.5,3.5,6,7.5,24.5,100,8.5,8,0.5,49.5,17,142,60,0
9.5,12.5,10,9.5,3.5,3,7.5,7.5,35,79.5,6.5,12.5,7.5,234,15.5,88.5,57,0
9,8.5,9,8,2,6.5,4.5,7,19.5,163.5,11,14,7.5,138.5,21.5,112.5,38.5,3
7,12.5,12,9,3.5,6.5,7.5,6,25.5,154.5,6.5,5,11,168,13.5,111.5,60,0
7.5,5.5,12.5,6,3.5,4,5.5,6.5,87,187.5,9,10,7,136.5,19,54,100,3
8,14,12.5,6.5,4,4,7.5,4.5,97.5,154.5,11,10.5,9,228,20,42.5,129,0
9.5,9.5,7,7,6,3.5,2,5,29,99,7.5,13.5,9.5,31.5,12.5,57.5,135,0
9.5,9,14,10,3.5,3.5,2,7,50,85,11.5,8,8,138.5,15.5,144,144.5,0
7.5,11.5,10,7.5,6,6,3,8,77,240.5,8.5,10.5,6.5,76,16.5,136.5,123,0
9.5,7.5,8.5,8.5,2.5,2.5,5,5,20,58,8,8.5,11.5,155,13,70.5,61,0
7.5,11,10,7.5,2.5,4,6,5.5,67.5,68,7.5,15,4,65,13,106,76,0
6,13.5,9,8,5,6.5,3,6,37.5,234.5,11,11,1,35.5,19,50,144.5,0
7.5,8,14.5,6,5,4,4.5,4.5,88,38,10,6.5,14.5,223,17,86,57,3
8.5,10,5.5,6.5,6.5,4.5,5.5,6,99.5,242,6.5,10.5,3.5,72,23,38.5,95.5,0
9.5,12.5,11,8,7,5.5,3,8,18.5,65,8,14.5,13,200.5,19.5,125,143.5,3
7,11.5,12.5,9.5,4.5,4.5,5.5,8,89.5,51.5,11,14.5,12.5,102.5,14.5,60,73.5,0
7,11,12,5.5,3.5,5,7,5.5,63,68,10.5,11,11.5,235.5,11.5,71.5,41.5,3
8.5,14,6,6.5,3.5,4.5,7.5,5,87,94.5,10,13,14,228,11.5,116.5,145,3
7,12.5,11.5,8,4,2.5,6.5,6,29,79,9,14.5,10.5,173.5,16,64.5,149,0
6.5,6.5,10,8,4.5,3.5,6,4.5,50,209,8,10.5,4.5,178.5,18,35,150,0
9.5,12.5,7,7.5,6,3.5,5,5,76.5,84.5,10,7,11.5,97.5,14.5,64,25.5,0
5.5,10.5,11,9,3,6,5.5,4.5,67.5,218.5,8,7,11,37,16,54.5,117.5,0
6,12.5,9.5,9,4.5,4.5,2,7.5,45.5,202.5,8,8,3.5,36.5,10.5,147,26,0
8,5.5,13,8.5,5.5,3,6.5,5.5,23.5,98.5,9.5,10,10,92.5,17.5,114,115,0
6.5,11,14.5,7,6.5,6.5,6,7,69.5,101,8.5,12,9.5,208,15.5,77,128.5,0
5.5,11.5,11,7,6,2.5,2.5,5,25,227,10.5,8.5,2,182.5,14.5,142,145,0
10,14,12,9.5,3.5,6.5,6,6.5,76,194,8.5,9,6,196.5,16,130,112.5,0
7,11,5.5,8.5,4.5,5.5,6.5,4.5,17,63,10,5.5,7,221.5,24,76,25.5,3
9.5,5.5,12.5,7.5,6,4.5,2.5,7,53,144,12,8.5,1.5,218,21.5,76,115.5,0
7.5,13.5,5.5,6.5,5.5,6,4.5,5.5,58.5,141.5,10,13,12.5,49,14.5,90,135.5,0
9.5,5,8.5,8.5,5.5,5.5,2.5,6,58.5,226.5,7,12,11,128,24.5,45,57,3
7,11,10.5,6,4,3,6,8,36,226.5,10,8.5,11,84.5,19.5,148.5,53.5,3
6,7,10,5.5,3.5,2,3.5,5.5,87,249,9,8,8,55,21,83.5,42.5,3
9.5,14.5,11.5,8.5,6,5.5,2.5,6.5,96,118.5,11,12.5,8,39.5,16,79,88.5,0
7,6,6,7,6,7,4.5,4.5,95,246,8,11.5,11.5,59.5,17,142.5,68.5,3
8.5,9.5,11.5,8.5,6.5,5,4,7,64.5,204,6.5,5.5,1,89,18.5,51.5,145.5,0
7,6,7,5,3,4.5,7.5,8,48,220.5,7.5,10,2.5,138,23,30,79.5,2
8.5,13,12,7,4.5,4.5,7,5,89.5,81,6.5,12,2.5,70,17.5,87,38,0
9.5,8,10.5,6.5,6,6,3,6,44.5,39.5,9.5,8.5,6,130,24.5,30,145.5,0
8.5,13.5,10,5,6,6,6.5,7.5,94.5,45.5,8,8.5,7.5,136.5,20.5,37.5,78.5,0
8.5,5,14,7,6.5,3,4,7,42,155,11.5,14.5,10.5,90.5,16.5,85.5,91,0
7,15,15,9.5,4,6.5,4.5,5.5,42,33,9.5,12,9.5,34.5,20.5,127,138,0
8.5,7,8.5,6.5,2.5,5,3.5,6.5,94,230,10,8,9,37,13.5,100,102.5,2
6.5,15,5.5,9.5,4.5,4,2.5,6,50.5,224.5,7.5,10,6,229.5,16.5,116.5,106,3
9,7.5,9,7,5,5,8,5,42.5,191.5,6.5,6,2,61,18,110.5,126,0
5.5,11,5.5,9.5,3.5,4,6.5,5.5,16,143.5,8.5,9,3,171.5,20,144.5,71,3
10,10,14,5.5,7,4,7.5,5.5,19.5,27.5,8,5.5,11.5,164,15,110,49.5,0
9,7,5.5,7,3.5,5.5,6,6,81.5,198.5,7.5,12.5,7.5,233,14,139.5,103,3
8,8,8,6.5,5,6,7,5.5,36.5,26.5,7,5.5,12.5,238,20.5,25.5,79.5,3
6,6,10,7.5,4,6.5,2,7,77,53.5,9,15,5.5,175.5,16,52,78.5,3
10,12.5,9,9,6.5,5,2.5,5.5,61.5,248,12,5.5,14,85,16,51,140,0
6.5,13.5,5.5,7,3.5,4.5,4.5,6,55,175.5,11.5,8.5,13.5,86,15.5,73,49,3
8,12.5,5.5,5.5,3,4,7.5,5,86,41,6.5,13,14.5,94.5,23,133.5,120.5,3
6.5,7.5,10,8,2,4.5,5.5,5,72,173,11,9.5,5.5,26.5,21.5,93,60.5,2
6,14.5,6,5.5,3.5,2,5.5,5.5,73,221.5,7.5,14.5,6.5,114,11,59,49.5,0
7,7,10.5,9.5,5.5,2,3,4.5,27,130,8.5,7.5,4,78.5,15,144,133.5,0
6.5,12,14,9,5.5,4.5,6,6.5,63,199.5,8,12,8,58,25,81,47.5,0
7.5,5.5,5.5,9.5,4.5,6,3,5,58.5,69,10.5,12.5,9.5,48.5,22,78.5,71.5,3
8.5,7.5,7,7,4,6,7.5,5,81,46.5,11,12.5,2.5,47,25,117,144.5,3
9.5,14,15,8,6,3.5,3.5,4.5,27,81,6,14,11,184.5,23.5,54.5,108,0
6,8.5,11.5,7.5,6.5,4,2.5,4.5,33,83,12,13.5,8,110,20,39,56.5,0
8.5,6,13.5,8.5,2.5,6,6.5,6,59,62.5,8,13,0,138,15,27,77,0
5.5,6.5,14.5,6.5,2,3.5,3,4.5,22.5,96,11.5,13,8,39.5,13,137,126.5,0
8,12.5,6.5,6,4.5,7,6.5,7,91.5,105.5,8,13,13,103.5,16.5,49,46.5,3
9.5,12.5,7,6,7,5.5,3,7.5,52.5,200,6,11.5,9,63,21,75,32.5,0
8.5,14.5,10,9,5,4,4.5,6.5,38,140,6,7.5,12,89.5,22,31,77.5,0
6.5,14.5,9.5,5,6,4.5,3.5,4.5,82.5,205.5,8,7.5,14,183,10.5,99.5,137.5,3
7.5,7.5,6,8.5,2.5,2.5,5.5,6.5,49,91,10.5,13.5,1.5,99.5,14,106.5,75.5,0
8,13.5,11,6,5,2,3,5.5,81.5,106.5,6.5,11,8,214,13.5,82.5,97,0
8,13.5,7.5,7,6,4,4,4.5,77.5,53.5,11.5,11,13.5,76,19,128,98,3
8,9.5,13,9,4.5,6.5,3.5,5.5,31,89,9.5,8.5,6.5,245.5,11,126,110.5,0
5,9,10,7,7,6.5,6,5.5,80.5,153,11,13.5,3.5,91,11.5,110.5,110,0
6,14,6,8.5,3,6.5,5.5,4,79.5,145,10,7.5,12,214,18.5,56.5,80,3
6,11.5,11.5,7,3,6,6.5,5,22,45,9.5,12,1,98.5,11,61,41.5,0
10,13,5.5,5.5,5.5,2,3,5,52.5,208,11.5,7,11.5,137.5,19,136,136,3
9,12.5,14.5,6,5,6.5,5.5,5.5,68.5,83.5,11.5,9.5,9,239,21,86,79,3
7.5,10,9,5.5,6,5.5,2,5.5,49,32,6.5,14.5,8.5,122,14,122,67.5,3
7,13.5,10.5,5,2,6.5,6,5,27.5,143.5,6.5,9,6,131,21.5,137.5,39.5,3
5.5,14.5,6,8,5.5,6,5.5,7,51.5,49,6.5,5.5,11.5,38,18.5,100.5,96.5,0
5.5,6.5,9,6,5.5,2,2,6,24.5,226,6.5,5,8,152,22.5,100,61.5,3
8,7.5,14,7,7,6.5,4.5,5,62,179,9.5,7.5,11.5,143.5,14.5,51.5,114.5,0
7,13.5,12,10,3,6.5,6.5,6,58.5,236,12,13,4.5,124,13,113,32.5,0
8.5,8.5,12,9.5,5,6,6.5,4,82.5,100.5,11.5,12,12,180,18.5,80,139.5,3
7,5.5,8.5,7.5,6.5,4.5,3,7,65,153.5,8,9.5,13,40.5,19,111.5,34,3
9,10,8.5,7,2.5,5.5,6.5,7,96.5,230,9.5,12,10,110.5,18.5,114,92,3
7.5,10.5,14,6.5,3.5,2.5,3,4.5,51,204,9,13,2,165.5,22.5,56.5,32,0
8,11,12.5,7,4,5.5,5.5,4.5,58,182,9,9.5,9.5,53,21,78.5,133,0
7.5,14,13.5,5,3,3.5,7.5,8,86.5,234,9.5,5.5,14,173,20,58.5,42,3
9,7,7.5,8.5,5.5,6,4.5,6.5,98,106,7,9,12.5,71,18.5,149,101,3
5.5,12.5,6.5,8.5,4.5,6,6.5,5,56,150.5,11.5,11,9.5,247,25,124,100.5,3
7,7.5,14,7.5,4.5,6.5,5,5.5,35,236,10.5,9,13.5,181,23,113.5,119.5,3
10,9,12,7,5.5,6.5,6,6,15.5,149,11,5.5,1.5,37,19,78,92,0
6,14,9.5,9.5,4.5,5.5,7,5,98,98.5,6.5,10.5,3,109.5,18,39,29,0
7,5.5,11.5,6.5,6,4,3,6,69.5,106,9.5,13,12,62,18,48,88,0
9.5,10,9.5,5.5,3,3,5,4,55,243,10.5,14,3,174,19.5,69,131,2
9.5,5.5,9.5,8.5,2.5,3.5,2,5.5,81,171,7,9.5,14,67.5,14.5,96.5,25,3
5.5,14,12.5,9.5,3.5,2.5,5.5,6,91.5,61,9,6.5,12.5,131.5,15,43.5,148,0
9.5,5.5,12.5,9.5,6,6.5,3,6,39.5,244,10,8,3,54,24.5,131.5,87,0
6,13.5,11,6,5.5,3,6,7.5,25,225,9.5,10,10,190,21,83.5,72,3
6.5,11,10.5,7,6.5,3,4,6.5,94,175,10.5,15,1.5,43,22,92,109.5,0
10,9,12,8,5,5.5,6,6,52,210,11,9.5,3,65.5,15.5,33,99,0
8.5,12.5,11.5,9.5,3,6,5,8,53.5,70,10,12.5,4,201,17,150,123,0
6,10.5,11,8.5,2.5,2.5,6.5,6,46,143,11,9.5,11,92.5,11.5,99.5,31,0
5.5,12,10,7.5,7,2,4.5,7,21.5,222.5,12,13.5,1.5,203.5,16.5,103,76.5,0
9,14,7.5,8,3.5,4,2,4.5,63.5,184,6.5,7,8,76,10.5,143,30.5,0
9,14,8.5,9,3,5,6,4,84,222,9.5,9,10,224,20.5,140.5,89,3
9,9,14.5,7,3,3,3.5,5,91,82,12,6.5,15,203,17.5,82.5,67.5,3
9,12,8,8.5,3,3.5,3,4,38.5,44.5,6,10.5,7,239.5,15.5,147.5,126.5,3
8.5,10,9,9.5,3,4,4.5,5,17.5,133,11.5,6,1.5,190.5,23.5,43.5,113,0
6.5,8,5,8.5,7,2,7,5,43,120.5,10,8,10.5,118,12.5,96,134.5,3
6.5,10,8.5,9.5,4.5,6,5.5,7.5,42.5,196.5,8.5,10,12.5,79.5,15,126,122.5,3
8.5,14,13.5,9,6.5,4.5,5,6.5,46.5,89,8.5,14.5,4.5,214,17,103,53,0
6,8.5,15,5.5,6,5.5,7,6.5,91,85,8,5,13,244.5,16.5,144,88.5,3
5.5,14,14,5.5,7,4.5,6,5,83.5,118.5,12,9,6.5,244,17.5,34,56.5,0
9,6,7,8,3.5,3,8,4,37,193.5,8.5,13,7,91.5,19,72.5,122.5,2
8.5,11,9.5,9,6,6.5,6.5,7.5,18.5,33,8,8,13.5,165.5,15.5,129.5,96,3
7.5,7.5,8.5,7,6,6,3,4,19.5,204.5,6.5,8,4.5,237.5,25,131,105.5,3
6.5,14,9,7,5.5,6.5,4,7,18.5,37.5,12,14.5,14.5,47,13.5,102,52,0
9,8.5,6.5,9.5,4,6,5.5,7,34.5,194.5,7,5.5,9.5,81,24.5,87,107.5,3
6,7.5,10,8.5,4,6.5,7.5,4.5,39.5,72,6,10,6.5,121.5,20.5,108.5,28.5,3
8.5,14.5,12,6.5,4.5,6,2.5,7,89.5,110,10,14.5,2,140,21,75.5,130.5,0
7,12.5,7.5,5.5,3.5,6.5,5.5,7,66.5,143,11.5,6,7.5,240.5,21.5,114,58,3
7,7.5,5.5,6.5,2.5,3,7.5,5.5,79.5,120,9.5,10.5,8,196.5,17.5,101,61,3
8,10.5,7.5,9.5,2.5,3.5,3,5.5,68,248.5,9,10.5,8,52.5,12.5,88.5,42,0
9,13,7.5,7.5,4,3.5,5.5,5,84,190.5,9.5,11,7,227.5,15.5,101,109,3
5,6.5,9.5,6.5,7,5.5,4.5,5.5,43.5,86,10.5,11.5,6,123.5,17.5,25,85,0
7,7,14.5,9.5,2,6,2,6,75,128,10.5,6.5,2,85,22,126.5,82,0
10,8,11,7.5,4,2,2.5,5.5,32.5,78.5,6.5,15,7.5,180.5,20.5,110,139.5,3
8,13,8.5,7,7,4,4.5,6.5,28.5,93.5,7,5.5,5,47,17,133,131,0
9.5,14,10,6,6.5,6,4,5.5,67,194,9.5,10,9,110.5,11.5,78,26,0
9.5,9.5,11.5,8.5,3,5.5,3.5,5,58,99,10,13,13.5,235,16,96.5,149.5,3
6,11.5,11,9.5,4,2.5,7.5,5.5,83.5,237,10.5,14.5,3.5,138,20.5,96,72.5,0
5.5,5.5,11,6,7,6,7.5,4.5,66,220,11.5,5.5,9.5,126.5,20,30.5,102,2
6,11,13.5,8,4,2.5,7,7,97,159,10.5,9,9,42,17,143,103,0
7.5,13.5,11,9.5,5,5.5,3.5,4,36,190,11,12,14,139.5,23.5,123.5,120.5,3
6,14,9,7,4.5,5.5,5,4.5,95,56,11,9.5,6,86,21,118.5,64,3
7,7.5,6.5,6.5,4,4,4.5,4.5,93,171,11.5,11.5,4.5,167.5,22,114.5,88,3
5,7,5.5,6,5,5,4,4.5,29.5,108.5,9.5,12,6,50.5,11,114.5,31.5,0
6.5,7.5,5.5,5.5,4.5,4.5,4.5,4.5,59.5,82,7,9,6.5,141,13.5,131.5,126.5,3
7.5,7.5,12.5,8.5,5,5.5,4,5.5,45,129.5,6.5,8.5,4.5,177.5,17.5,83,70,0
6,8,8.5,6.5,5.5,2.5,2.5,7,51.5,82,11,10.5,7,100,21,54.5,38.5,3
9,5.5,10,6,2,3.5,3.5,6.5,15.5,58,7,10.5,7.5,88,21.5,134,95.5,3
5.5,11.5,10.5,9.5,3.5,4.5,7.5,5,16.5,103,6.5,9,12,29,21.5,82.5,61.5,3
7,6.5,10,8.5,4.5,6.5,8,7.5,80.5,146.5,6.5,11,4,28.5,18.5,100,84,0
9,12,11,8.5,5,6.5,5.5,5,61,148,7.5,5.5,15,165.5,24,127.5,91,3
9,7,13,10,4,5.5,2,7.5,73.5,93,11,5.5,9.5,84.5,19,145,52,3
6.5,9.5,7.5,6,6,5,7,6.5,59.5,177,6.5,7,10.5,55.5,13,96,38.5,0
7,8,14,8,4,5.5,8,7.5,46,45.5,10,6.5,14,207,18,55,57,3
7.5,10.5,12.5,8.5,3,6.5,4,6,38,177.5,10.5,8,13.5,91.5,21,96.5,140,3
5,9,10.5,6,5,5.5,3,5,32,31.5,11,9.5,7,224.5,17.5,47.5,28.5,3
7,5,7.5,7.5,4,2.5,3,6,44,164,7.5,13.5,4.5,129.5,23,33.5,61.5,3
9.5,14.5,10.5,7.5,5.5,2.5,6.5,7,46.5,218,7,15,2,73.5,11,84,125,0
6,10,6,6.5,5,3,7.5,7.5,48,223.5,8.5,13,7.5,156.5,19.5,48,75,3
10,14.5,7.5,9,2.5,5,7.5,7,69.5,95.5,7.5,14.5,3.5,205,22.5,51.5,40,0
9,9,14.5,7.5,6.5,6,6,4,80.5,38,9.5,15,9,113,18.5,85.5,103,0
5.5,7.5,8,7.5,7,5,3,4.5,99,109.5,9.5,6.5,1,50,21,140.5,115,0
9,7.5,9,8,4.5,5,4,7,16,124.5,7.5,13.5,7,41.5,14,141,53.5,0
9.5,6.5,11,5.5,5,4.5,5,6.5,54.5,195.5,9.5,13,4.5,109,24,59.5,70.5,0
6,9.5,6.5,8.5,4,3,6.5,5,96,132,9.5,7,14.5,220,13.5,111,60,3
8.5,13.5,7.5,8,6.5,3,7,6,18,230,11.5,10,12.5,43.5,22,111.5,94,3
7.5,7.5,10,6.5,2.5,5.5,7.5,7.5,27.5,223,9.5,11.5,1.5,139,12,149,89.5,2
6.5,12,14,5,2,3.5,2,6,77,103.5,8,10.5,13.5,93.5,14,48.5,79.5,0
7.5,12.5,10.5,7,3,6,6,8,80,185.5,6.5,7,7.5,139.5,13.5,132,138,0
6,5,9,8.5,4.5,4.5,3.5,4.5,95,232.5,12,11.5,4,153,17,64.5,146.5,2
7.5,13.5,13.5,7.5,6.5,6,3.5,6.5,99.5,154.5,6.5,13,11,117,14.5,103.5,119.5,0
6,5.5,6,7,6.5,2.5,5.5,7.5,27.5,127,10,9,14,140,13.5,67,125.5,3
9.5,8,13,5,2.5,2.5,4.5,6.5,94,107.5,7.5,12.5,6.5,66.5,11,110.5,97,0
6,14,14.5,9.5,5,3.5,7.5,4,15.5,121,11,5.5,11.5,220,19,88.5,107,0
7.5,5,12.5,5.5,2.5,4,2.5,5,41.5,178,10.5,9,2,25,11,56,82,0
7.5,9.5,10,9.5,4,3.5,7.5,5,97,238.5,11.5,13.5,11.5,194,15.5,124,73,3
8,8,9,6,6,4.5,4.5,8,43.5,83.5,8,10.5,5.5,67,18,142.5,68.5,3
6,10,12,6,6,3.5,6,5,91,158.5,10,9,14.5,205.5,18.5,132.5,102.5,3
9.5,11,12.5,5,4.5,2,5,6.5,30,176.5,8.5,5.5,1,128,13,119,31.5,0
9.5,9,9,9,5.5,7,7.5,5,30,192.5,9,9.5,5.5,80.5,10.5,94,146.5,0
9.5,8.5,12,5.5,3.5,5.5,4,7,91,44.5,9.5,9,1,168,10.5,43,144.5,0
7,5.5,11,6,3,5.5,5,4.5,29.5,184,8.5,11.5,8,134,23.5,128.5,45.5,3
7.5,11,12,6.5,3.5,5.5,7.5,5,63.5,177,10,11,0,67.5,16,56,57,0
8.5,12,8,5,5,6,3,7.5,53,118,9.5,5,8.5,148.5,23.5,137.5,37.5,3
6,7.5,8,5.5,4.5,5,3,4.5,78.5,54,8.5,13.5,7.5,40,18.5,131.5,99.5,3
9.5,5.5,13,9,5.5,4.5,7.5,6.5,18,67.5,8,10,6,158.5,20.5,124,60.5,3
9,6,12,8.5,5.5,4.5,8,5,39,223,6.5,9.5,4.5,80.5,14.5,108,144.5,0
6,13,10,7.5,4.5,5.5,2.5,6,66.5,25.5,12,6,1,63,10.5,92,82.5,0
5.5,12,6,7.5,2.5,6.5,5,5,77,197.5,8,14.5,5,112.5,16.5,131.5,40,3
8,10,6.5,8.5,7,3.5,8,7,59.5,26.5,11,8.5,2,132.5,23.5,56.5,63,0
8,10.5,11.5,9.5,5.5,2.5,4,5.5,34,141,11,10.5,7,88,14.5,114.5,123,0
6,12.5,10,5.5,3.5,2,2.5,8,44,50.5,8.5,10.5,8.5,58,22.5,118.5,129.5,3
8,12,12,5,2.5,6,2.5,5,30,148.5,7,12.5,7.5,166,22.5,124.5,81.5,3
6,6.5,9.5,7.5,5,6.5,6,7.5,83.5,230.5,10,14,0.5,160,25,107.5,50.5,3
9,11.5,13.5,7,7,6.5,8,5,15,130.5,10.5,12,10,230,11.5,31.5,35,0
6,7.5,11,7,4,5.5,2.5,5.5,22,128,11,5.5,5.5,32.5,21.5,109,120.5,3
8.5,6,13,8.5,3.5,3,4,5,67,42.5,7.5,10,3.5,97,21,64,128,0
6,11.5,7,9,3.5,2.5,7.5,5,34,57,7.5,8.5,1.5,243,20,27,65,0
6.5,8,12,9.5,2.5,6.5,7,5,89,197.5,11,9.5,12.5,151.5,17.5,114,135.5,3
7.5,11,8,7,5,6,6,7,66.5,189,12,9,3.5,65.5,24.5,91,137.5,0
7.5,10,7.5,9,5,3,3.5,5,94.5,80,6.5,8,9,152.5,22,119.5,37.5,3
7,11.5,8.5,7,6.5,2.5,6,7.5,39,107.5,8,8.5,11.5,130.5,16,85.5,43,0
9.5,14.5,14.5,6.5,5,6,4.5,8,96.5,156.5,7,9,10.5,193,24.5,116.5,116,3
5,12,9.5,7.5,3.5,3.5,5,8,32.5,127.5,11.5,9,12,225.5,14.5,139,47,3
6,11.5,14,9,4.5,4,3,7.5,84,115.5,8.5,8,5.5,158.5,24.5,88,81,0
8,13,9,5,4,4.5,3,6.5,19.5,37,8,5,8.5,80.5,11,58,40.5,0
8,11.5,13,7,5.5,6.5,5,6,98,90.5,11.5,11,6.5,200.5,12.5,105.5,51,0
8,8,13,5.5,3.5,3.5,7,4,97.5,98,9.5,12,9,157,17,89.5,51.5,3
8,7,7.5,7,2.5,5,7.5,6,88.5,125.5,10.5,6.5,8,43.5,11.5,40,130,0
6.5,12,13,9,6,5.5,7.5,5.5,34,148,11,14,6.5,114.5,12,84.5,80,0
8.5,7.5,6.5,6.5,6,4.5,7.5,5,78,228.5,7,15,12.5,96.5,18.5,40,103,2
8,11,9.5,9.5,4,4.5,6,5,72,99,8,8.5,11.5,51,12.5,49,71.5,0
7,7,13.5,7,5,4.5,3.5,7,64.5,109,6.5,13.5,8,180,23,96,90,3
9.5,11.5,6,7.5,5.5,5,8,5,49,232.5,6,7.5,0,37,18,59,74,0
7.5,5.5,9.5,5.5,6.5,5.5,4.5,4.5,90,137,9.5,8.5,14,144,13,99,132,3
9.5,7.5,14.5,6,4.5,2,5,6,55,214.5,6.5,12.5,6.5,48,14.5,36.5,75,0
9.5,7.5,13.5,8,3,4,2.5,5.5,29,177,6.5,11,12,185,23.5,132,132.5,3
5.5,13,8,6,6,4.5,3.5,6,80.5,137,6.5,14.5,8.5,65.5,21.5,89.5,137.5,0
8,12.5,10.5,6.5,3.5,4.5,3,7,31.5,90.5,8.5,6.5,8,101.5,13,122,113.5,0
7,11,14,6,5,6.5,6.5,7.5,34,134,8.5,8,9,52.5,11.5,82.5,133.5,0
8,10,12.5,7.5,5,6,7,7,68,113.5,8.5,8.5,4,182,19.5,54.5,74,0
7.5,12,7.5,9.5,3,4.5,7,4.5,53.5,109,7,8,11,148.5,13,102,63.5,0
8.5,11,12.5,7,4.5,6,6.5,7,63,104,7,12.5,13,169,13,72.5,78,0
9,8,7,5.5,6,3.5,6,7,29.5,246.5,9.5,6.5,0.5,208,21.5,134.5,124.5,3
7,6.5,10,8,4.5,2,3,4,26.5,88.5,8.5,11.5,6,246.5,13,57,149,3
5,11.5,10.5,5.5,7,6.5,2.5,4.5,30,113,10,9,14,235,14,33.5,129.5,3
5.5,11,10,5.5,6,4.5,6,5,72,230,10.5,7.5,14.5,113,11,126,105,3
6,7,5.5,9,6,5.5,2.5,4,23,234,9.5,10,6,47,13.5,141.5,33.5,2
7,9.5,13,10,4.5,4.5,4.5,7.5,26.5,77.5,11.5,14,10.5,166.5,16,86.5,112,0
9.5,12.5,9.5,5.5,5,3,8,6,61.5,53,7.5,10.5,0.5,124.5,19,147.5,48,0
5.5,15,8.5,9,2,3,3,7,33,222.5,10.5,5.5,5.5,190.5,23.5,84.5,121.5,3
10,13,11,9,5.5,6,7,5,74.5,206,6,6,9.5,115,11,42.5,137.5,0
6,12.5,6,6,6.5,3,7.5,5,20.5,145,10,14.5,0.5,25,10,94.5,28,0
9,6,8,9,2.5,5,6.5,4.5,42.5,32.5,11.5,10,11,66,17.5,130.5,143.5,3
9,8,9,9.5,3,2,4,4.5,64,51,9,11,7,177.5,13.5,53,56,0
10,9.5,13,8,5,6,5.5,7,70.5,105.5,11.5,6.5,13.5,235.5,10.5,149,89,3
10,7,6.5,8,4.5,5.5,5,6,58.5,137.5,9.5,9.5,2,122,16,35,130.5,0
6.5,10,9,7.5,3,5,8,5,35.5,27.5,10.5,7.5,14,74,10.5,77,88,0
5.5,10,6,6.5,7,4,6.5,7,51.5,30.5,9,14.5,4,188,10.5,82.5,51.5,0
6,10,8.5,8.5,3,2.5,7.5,5.5,46,118,6.5,6,13.5,130.5,13.5,147.5,76,3
5,12.5,9.5,8.5,3,7,7,7,79,196,7.5,5,10,50,18.5,70,30.5,0
8,11,6.5,7.5,5.5,2,4,5.5,19.5,135.5,10,12,8.5,241.5,16,31,135.5,0
5.5,9.5,6.5,5.5,3,2.5,6.5,4,65,118,12,9,3.5,112,22.5,111,69,3
7.5,9.5,13,6,6,5.5,6.5,4,92.5,77,10.5,10,14.5,161.5,23,65.5,31.5,3
9,9.5,11.5,9,5.5,4.5,6,4.5,64,122.5,11,12.5,1,130,13,72.5,126,0
10,14.5,5,9,5.5,3,2.5,4.5,84,184.5,6.5,13,9.5,50,11,97,61,0
9,6.5,8.5,10,5,6,7.5,4,22.5,186,6.5,9.5,6,53.5,11.5,144,102,0
6,6,13,6,4,3,5,6.5,44,215,12,6,9,134,12,143,105.5,3
7.5,5,11.5,6,6.5,4.5,5,5.5,20.5,157,6,8.5,14,47,11.5,129,62.5,3
6,9.5,12,5.5,3,2.5,4.5,4.5,18.5,41.5,11.5,11,4.5,96.5,11,144,57,0
5.5,9,8,7.5,6,2.5,2.5,5,61,146,11,11.5,5,143.5,20,90,52.5,3
8,14.5,10,8.5,4,3,8,6,72.5,57,6.5,14,10,199,20.5,98.5,51,3
8,9,14,7,2,4,2.5,6,58.5,224.5,8.5,12,8.5,170,23,93,68,3
9.5,12,14,8,6.5,3,7.5,4.5,18.5,127.5,11,8,5.5,89.5,10.5,62.5,102.5,0
6,10,9,7,6,5.5,7,7.5,17,173,8,7,4,213.5,23,45,136.5,3
7.5,12.5,15,8.5,4.5,4,8,5.5,33,132.5,6.5,6.5,8,114.5,22.5,65.5,82,0
6.5,11.5,13,9.5,4.5,5,5.5,7,20.5,202.5,6,13,4.5,26,18,62.5,118.5,0
6.5,12.5,11.5,6,5,2.5,6,7.5,56.5,50.5,6.5,13.5,3.5,181.5,20,33.5,36.5,0
8.5,13.5,10,9,2.5,4.5,7,4,23.5,135.5,6,10.5,12,213,18.5,45,32,3
7,13,13,9.5,6.5,2.5,4.5,4,46.5,27.5,7.5,11,3.5,26.5,22,123,69,0
7.5,9.5,11,5,3.5,5,6,4.5,41,28,11.5,7,12,242.5,13,141.5,75.5,3
6.5,14.5,9,6,3.5,2.5,2.5,5.5,58.5,75,6,12,1.5,239,15,101.5,84,0
9,7.5,10.5,8.5,5,4.5,6.5,7,30.5,82.5,7,5.5,2.5,95.5,12,72.5,127.5,0
5.5,7,8.5,10,6.5,5.5,3.5,5,50.5,74,8,12.5,12.5,170,24,110.5,83.5,3
7.5,13.5,9,8,4,6,2,4.5,39.5,123,10,11.5,7,169,20.5,77,26,0
9.5,6.5,11,7,5.5,3,3,5,58.5,208,11,11,10.5,135,16,51,93.5,0
8.5,11,8.5,10,2,5,2.5,7,47.5,116,7.5,12.5,7.5,193.5,16,50.5,25,0
8,13,14.5,9.5,4,3,3.5,6,61.5,151,10.5,11,11.5,158.5,23.5,74.5,140,0
6,9,9,7,6,4.5,4.5,6,63.5,231.5,8,12.5,2,156.5,20.5,134.5,45,3
6.5,13.5,11.5,7,6,4.5,5,7,17,138.5,11.5,11,1,230,19.5,36,92.5,0
6,8.5,8.5,8.5,4,6.5,8,6,50,245,8.5,6.5,1,52.5,10,133,61.5,2
5.5,13.5,11.5,8.5,2,2,4.5,8,49.5,215,10,8.5,6.5,47,11.5,49,48.5,0
6,7,13.5,8.5,2,4.5,8,6,66.5,83,7,12.5,13,42,18.5,57.5,72.5,0
8.5,6,12,7.5,3.5,5.5,3.5,6.5,90,120,9,13.5,9,228,24,148,74,3
9.5,5.5,6,7.5,2,3,3.5,4,36,27.5,11,9.5,3.5,26,17.5,78,84.5,0
9,14,8.5,5.5,5,5.5,7,4.5,22.5,134.5,7,5.5,10.5,51,23.5,89,80,0
6,11.5,9.5,9,4.5,5,6.5,8,54,149,6.5,14.5,11,113.5,13.5,91,130.5,0
10,8,8.5,8.5,6.5,4,5,6,37,25,9,7,6,225.5,19.5,50.5,121.5,0
5.5,10.5,10.5,7.5,2.5,6.5,7.5,7,53,53.5,10,9,15,29,13.5,117.5,38.5,0
8,6.5,6,7.5,4.5,4,5.5,6,87.5,77,9,14,14.5,129.5,13.5,93.5,32.5,3
9.5,6,9,7,3,4.5,6,4,34.5,194.5,6.5,5.5,12,58,12.5,107.5,51.5,3
5.5,6.5,5,5.5,5.5,4.5,5,5.5,22,165.5,8.5,11.5,1,206,25,122.5,103,3
8,7.5,12,8.5,6,6,7.5,6,30,233.5,9.5,10,7.5,149,23,119.5,145,3
7.5,10,11.5,9.5,6.5,5,7.5,4.5,85.5,67,9.5,13.5,14,201,13,127.5,39.5,3
8.5,10.5,10,6.5,2,6.5,5.5,7,94.5,71,10.5,6,5.5,67.5,21.5,54,101,0
6,11.5,15,9.5,3.5,6.5,3.5,5,18.5,169.5,7,11,9.5,87.5,14,144.5,129,0
6.5,12,13.5,6,4,6.5,7.5,5,24,240.5,10.5,7,7.5,222.5,19,128,40,3
5.5,13,12,9.5,5,2.5,4.5,7.5,33,224,8.5,6.5,7.5,202,15,57.5,62,0
6.5,6.5,7,6.5,2.5,4,2.5,8,37,223.5,8.5,9.5,6.5,177,21.5,63.5,52,3
8.5,12,6,8.5,5.5,2.5,6.5,5,61,120,8,10.5,7,197,12.5,56.5,102,0
6,12,9.5,9,3,4.5,4,7.5,81.5,144,11,5.5,3.5,223,20.5,108.5,78.5,3
8,11,14.5,7,2,5,2,7,28.5,106,8.5,6,14.5,217,17.5,27,51.5,3
8.5,7,11.5,8.5,4.5,3.5,3,7,22.5,228,11,6,9.5,243.5,10,144,129.5,3
9,7.5,13,9.5,4,4.5,2,7,34,230.5,10.5,14.5,4.5,150,23.5,150,34.5,3
7,12,14,8,5.5,6.5,6.5,6,33.5,192.5,10.5,14,8.5,53,23,31.5,55.5,0
9.5,13.5,10.5,5.5,3,5.5,7,7,32,186,6,5,10,44.5,17.5,109,30,0
6.5,7,14,5.5,2,2.5,7.5,4,25,179.5,9,13.5,1.5,28.5,14,94,87.5,2
8.5,5.5,10,9,3.5,3.5,6.5,7,76,98,10,11,8.5,69,19.5,102.5,48.5,0
9.5,7,7,5.5,4,3,3.5,6,57.5,100,10.5,9,11,237.5,18,101,60,3
7,7,10,5,5,4,3.5,7.5,43.5,37,6.5,5,7,72,13.5,28,33.5,0
6.5,10,6.5,9.5,2.5,4,6.5,4,45.5,137.5,8.5,9.5,13,142.5,24.5,72,80,3
9.5,12.5,12,7.5,2.5,5,5.5,5.5,24,71,11,11.5,2.5,112.5,19.5,138.5,147,0
9.5,5,7.5,6.5,4.5,6,3,6.5,48.5,238,9.5,14.5,4.5,211.5,17.5,61,136.5,2
10,8,11.5,9.5,6.5,2,7,7.5,44.5,228,10,11,1,49.5,23.5,93,62,0
8.5,8.5,12.5,6,3.5,2.5,4.5,5,27.5,181,9.5,10.5,0,156,17.5,34,63,0
6.5,12,8.5,6,6.5,5,7,7,74,160,11,13,4.5,90,15.5,131.5,144,0
9,9,10.5,7.5,5.5,6,5,7.5,24.5,36.5,10.5,5.5,1,64.5,24,139,118.5,0
9,8.5,8,6.5,4,2,5,5.5,37,37,10,9.5,11.5,29.5,17.5,62,78.5,0
8.5,13,11.5,6,5.5,4.5,7.5,6,81.5,40.5,12,6,11.5,57.5,10,74.5,148.5,0
9,10.5,11.5,6.5,4.5,4.5,3.5,7.5,98,43,7,14,6.5,234,19,117.5,80,3
7,14.5,12,7,3,6,2.5,4.5,35,56.5,7,6,3.5,56,14.5,34.5,75,0
8.5,5.5,12,10,6.5,2,6.5,5.5,66,121,6.5,5,7,138.5,13,142.5,129.5,0
5.5,12,7.5,9.5,5,5.5,7,4,21,197,10.5,11.5,10.5,110,19.5,59,84,0
7,14.5,10,7,5.5,5,3,5,88.5,63.5,7,10,3,202,14,111,127.5,0
7,11,12.5,8,4.5,5,7.5,4,64,228,8.5,8,1,113.5,14,54,25.5,0
8.5,12.5,11,6.5,5.5,4.5,3,7.5,47,61,9,9.5,8.5,28.5,15,77,34.5,0
9,10.5,9,9,4,6,5,5,99.5,105.5,9.5,14,14,103.5,19.5,143.5,141,3
9,8,8.5,10,2.5,5.5,4.5,7,42.5,114,11.5,13,3,26,23,79,44.5,0
7.5,13.5,7,5.5,6,6.5,2.5,5,57,77,9,9,8,43,14.5,90,143,0
5,6,10.5,9,4.5,4.5,5.5,7.5,70.5,54.5,8.5,11.5,2.5,72.5,16,56.5,65.5,0
7.5,13,6.5,6,3,5,3,6,83,79.5,9.5,6,1,154.5,21.5,47,66.5,0
8,15,12.5,7.5,4,5,4,7.5,71.5,237.5,8.5,6.5,7.5,231,13,35,30.5,0
5.5,7,9.5,7.5,3.5,3,5.5,5,74,234,6.5,7.5,3,172,17.5,49,121.5,0
10,11,12,5.5,5,6.5,8,5.5,34,145.5,10,6.5,5,35.5,18,62,128.5,0
7.5,13,12,5,6,2.5,7.5,5,56,159,10.5,12.5,6.5,211,16,59.5,139.5,0
7,10.5,9,5.5,4,4,4,6,83,31.5,8,14,7.5,38.5,12.5,111.5,93.5,0
5.5,7,6.5,8.5,7,6.5,7.5,6,71.5,77.5,8,7,11.5,201.5,17.5,101,78.5,3
9.5,14.5,6,6,3.5,5,3,7,49.5,126,11,11.5,2.5,103,24,117.5,113,3
7.5,10,10.5,5,5,5.5,4,7,34,169,11.5,10,9.5,89,24,35,97.5,3
6.5,12,8.5,9,5,2.5,6,5,73.5,79,11,14,13,51.5,24,61,129,3
7,14.5,6,8.5,6.5,6.5,7,7.5,15.5,124.5,8.5,11.5,2.5,203.5,17,129.5,65.5,0
10,15,12,5,5.5,4,7.5,6.5,81,106,11,14,12,183,14,85.5,53,0
7.5,9,7.5,9.5,2.5,7,6.5,5.5,32,56,10.5,10.5,7,96,18.5,52.5,118.5,0
9,12.5,13.5,6,6,4,5,6.5,23.5,114,10.5,11.5,1,139,19,56.5,119,0
7,13,5.5,10,4,5,4.5,4.5,38.5,121,11,12.5,10,61,14.5,137,97,0
7,15,10,6.5,4,4,2.5,6,54,122.5,7,13.5,7,185,20,93,148,3
6.5,11,13.5,5.5,4,3,3,5.5,82.5,227.5,7,12.5,13,66.5,18,54,66.5,0
7,10,6,8,4.5,4.5,5,7,29.5,133.5,6.5,11.5,3.5,143.5,20.5,26.5,76.5,0
7,12.5,11.5,8,6.5,3,5.5,4,57.5,166,9.5,13.5,1.5,201,10.5,134.5,137,0
6.5,14.5,6,6.5,5.5,6,3.5,6,78,82.5,6.5,7,13.5,238.5,16,88.5,57,3
7.5,11.5,8.5,9,2,4.5,5,7.5,78.5,98.5,11,7.5,5,216.5,14.5,36,126,0
7.5,12.5,13.5,8,3.5,5,6.5,6.5,99,111.5,8,12.5,8.5,123.5,16.5,50.5,124.5,0
7.5,12.5,7,5,5,6,7,7.5,88,200.5,8,10,13,96,21,30.5,31,3
8.5,7,12.5,9,6.5,3.5,5.5,6.5,30.5,177,9,12,12,67.5,18,102.5,61,0
7.5,8,12.5,9,6.5,5.5,6.5,4,47,105,6.5,6.5,9.5,130.5,15,136.5,71,3
6.5,13.5,9.5,7.5,5.5,4.5,4,5.5,59.5,155.5,6,7.5,8,202,20.5,95.5,87.5,3
9,10.5,13,8.5,4,6,5.5,7.5,67,123,10,10.5,5.5,232,17,49.5,111.5,0
7,5.5,11.5,8,2,6.5,3.5,6,95.5,166,10.5,10,13.5,31,23,28.5,43,3
5,7.5,10.5,6.5,2,3,3,6,75,53.5,11,9,14,165,11.5,81,68,3
6,10.5,14,8.5,5.5,2,3,7,98.5,124,9.5,7,10,121.5,15,75.5,103,0
8.5,13.5,8,8.5,3,6,2.5,5.5,40,45.5,11.5,7.5,10.5,172.5,15.5,117,62.5,3
6,6.5,11,6,3.5,3.5,5.5,4.5,65.5,138,10,7,14,46.5,24.5,83,143.5,3
8,14,6.5,10,2,4.5,4.5,7.5,90.5,245,9.5,11.5,12,81,14.5,114,145.5,0
7,10,15,7,5.5,5.5,3.5,7.5,97,34.5,11,12.5,7.5,179.5,12,139.5,146,0
9.5,14.5,5,8.5,4,3,7.5,5.5,80.5,236,10.5,7,5,248,18.5,60.5,92.5,0
7,13.5,14.5,6,5.5,6,7.5,4.5,44,87,8.5,7.5,6.5,141,19,43.5,100.5,0
6,11,7.5,9,6,3,3.5,5.5,61,112.5,11.5,11.5,13.5,34.5,18,102.5,52.5,0
8,6,12.5,9,2,3.5,2,5.5,19,50,6,13,9.5,100,12,117.5,71.5,0
8,14,10.5,9,3.5,3.5,6.5,4.5,26.5,224.5,11,8,5.5,36,12,102,71,0
9,5.5,10.5,9,3,5.5,6.5,5,64,225,7.5,10,0,131,21.5,139,84.5,3
5,11.5,13.5,6,2.5,7,4.5,4,32.5,86,7.5,13,13,64,17.5,146.5,54.5,3
7,10,8.5,8.5,7,4,3,5,93,179,8,8,4,38.5,20,79.5,123,0
9.5,14,9.5,9.5,2,5,4.5,4,31,34,11.5,6.5,0.5,246,23,136,33,3
5,10,8,7.5,2.5,5,2.5,7.5,90.5,125,8,5.5,8.5,128,13,82,142.5,3
6,6,10,7.5,5.5,6,6,5.5,28,83,12,14,8,74.5,22.5,45.5,38,3
8.5,8.5,14.5,9,4.5,6.5,4,5.5,98,95.5,9,10.5,7,112.5,18,34,73.5,0
6.5,15,12.5,6,3,6.5,4,6.5,38,187.5,9,6,1,124.5,25,102.5,91,0
6.5,10,14,5.5,6,6,5,5.5,27,95.5,9.5,14,15,146.5,10.5,73,33.5,0
6.5,6,5.5,10,2.5,7,7.5,7,58,110.5,11.5,8,7,155,18.5,135.5,63,3
6,13.5,9,8,5,4,6,5.5,49.5,60.5,9.5,8,14.5,236,22,33.5,107,3
10,6,5.5,7.5,4.5,3,7.5,7.5,71,62.5,8.5,5.5,10.5,128.5,23.5,53.5,121,3
8.5,7,11,9.5,3,5,7,7.5,22.5,63,8,8.5,7.5,112.5,17,64,130.5,0
5.5,12.5,12.5,5.5,6.5,5,5,6,55,154.5,9.5,6.5,0,186.5,14,103.5,32,0
7,13,14.5,7.5,3,4.5,4,6.5,71.5,242.5,8.5,15,11,235.5,10,97,125.5,0
8.5,9,8.5,7.5,6,2.5,7.5,7.5,80,61.5,10.5,12.5,15,224,22.5,133.5,60,3
6,5.5,10.5,8,3.5,4.5,3,7,55.5,183,11,12.5,11.5,50.5,13,45.5,119.5,0
5.5,7,11,7.5,5,3,3.5,6.5,76,234.5,10,7,10,137.5,14.5,54,36.5,2
9,6,12,8.5,6,3,6,4.5,21,60,10.5,9.5,14,108,24.5,122,67,3
6.5,9,13.5,7.5,5,3,4,5,69.5,42.5,11,14,0.5,54,24,111.5,55.5,0
9.5,10,14.5,8.5,3,6,2.5,7,90,219.5,7,6.5,3,75,10.5,29,52,0
7,8,8.5,5.5,7,7,3,6.5,72,203,9,10,5.5,142.5,11,132,92.5,3
8,6,6,9,4,4.5,7,8,36.5,97.5,11.5,10,4,236.5,14.5,134.5,88.5,3
7.5,12.5,7,7,4.5,6,2.5,7,99,73,10,7,1,141.5,18.5,79,87,0
9,7,8.5,9.5,5,5.5,4.5,6.5,57.5,55.5,11.5,6,5,69,17.5,33.5,45.5,0
5.5,12.5,12.5,9.5,6.5,3.5,7,5.5,50.5,76,10.5,13,0,141,12,44,68.5,0
8.5,9,14.5,5.5,5,2.5,6.5,5,69,137,6.5,5.5,6,233.5,14,141.5,68.5,3
6,11,11,8,5.5,6.5,7,6,39.5,129.5,6.5,14,11.5,150.5,16.5,48.5,104,0
7.5,8,13,6.5,4.5,4,7,5,65.5,37,8,9,5,137.5,14.5,70.5,80.5,0
7.5,5.5,14,6.5,6.5,5,6.5,8,23.5,41.5,7.5,8.5,14,206,20.5,57.5,73.5,3
8.5,10.5,6.5,9.5,2,2,3,7,35.5,176,8,5.5,1,201.5,23,115.5,113.5,3
8,6.5,9,9.5,3.5,3,4.5,8,25,41.5,6.5,11.5,3.5,106.5,20.5,110,131.5,0
6.5,12,14.5,5,6,2,3,5,45.5,79.5,11.5,9.5,2.5,222.5,15.5,128,149.5,0
10,12,12,5.5,2,3.5,7,6.5,43.5,124,11.5,8.5,9,228,16.5,74.5,112,3
9.5,9,7.5,9,4,5.5,5,5,59.5,102.5,7,14.5,10.5,238.5,12,91.5,25.5,3
5.5,14.5,14.5,8,3,6.5,5.5,5,97.5,112.5,11.5,9.5,6,94,24,55,29.5,0
9,6,8.5,5.5,6.5,4,5.5,7.5,90,246,7.5,6,6.5,116,21,42.5,99.5,0
6,10.5,7,6.5,5.5,6.5,6.5,7,19.5,74.5,7.5,6,11,26.5,24,149,130,3
7.5,10.5,11,8.5,2,2.5,3,8,31.5,71.5,9,14.5,15,248.5,13,136.5,123,3
6,6,5.5,9.5,6.5,6.5,2.5,4.5,41,183.5,8,13,3,146,23,149,29.5,3
8.5,12.5,6.5,9,4,3.5,2.5,4.5,66.5,62.5,11.5,7,12,82.5,21,46.5,115.5,0
7.5,5,8,9,7,6.5,8,7.5,48.5,224,11.5,7.5,6.5,138,18,36.5,112,2
6.5,5.5,13.5,7,5,5.5,5.5,8,33.5,121,9,6,7,39.5,17,72,147,0
8,9.5,13,6,4.5,4,4,4.5,67.5,218,8,11,6,137,17.5,76,29,0
9.5,7.5,11,5,4.5,6.5,4.5,4,33.5,76.5,10.5,12.5,3.5,214.5,11.5,79,130,0
6,14,9,6.5,2.5,3,5.5,7,28,185,9,12,13,240.5,22.5,85.5,65.5,3
8,5.5,10.5,6,3,4.5,2.5,5.5,77,174.5,9.5,6.5,11,132.5,16.5,87.5,122,3
9.5,9,6.5,7.5,5.5,2.5,3.5,7.5,19,220,12,11.5,11.5,50,18.5,31,50.5,2
6.5,8.5,12.5,5.5,5.5,5,3.5,6,24.5,182,7,7,15,204.5,17.5,93,138,3
9,7.5,9,6,3,3.5,4.5,8,96.5,83.5,10.5,14,11.5,202,23.5,33,149,3
9.5,5,8,8.5,4.5,3.5,7.5,5.5,55,231,9.5,8.5,12,129,11,92.5,89.5,2
8,9.5,11,5.5,6.5,6,5.5,4,95.5,230.5,10,11.5,6,42,15.5,91,109.5,0
5,10,14,9,5,5,4,6,36,124,10,15,4.5,40,12,121.5,108.5,0
6.5,12.5,7,7.5,4,6,7,5.5,95,178,9,10.5,14,43,19,96,70.5,3
8,15,8.5,7.5,7,4,2.5,5,75.5,236.5,7,14.5,13,141.5,13,69,83,0
9.5,6.5,11,10,6.5,4,3,7,60.5,81.5,11,6,3.5,219,15.5,50,94.5,0
7,9,12,7,5.5,2.5,5.5,4.5,99,174.5,7.5,6,4,78,14.5,37,31.5,0
10,11.5,5.5,5.5,3,6,6,6,81.5,30.5,9,7.5,13,57,24,77,137.5,3
9.5,10,13,5,4.5,5,3,7,85.5,143,10,9.5,8.5,42.5,13,65,98,0
8,9.5,11.5,8.5,2.5,3,2.5,5.5,75.5,164,11.5,11,1,61,21,134,118.5,0
7,9.5,7,6,4.5,4,3,5,52.5,248,11.5,9.5,6.5,98.5,18,148,109,3
7,13,11,6,3.5,2.5,5,6,53.5,120,8,6,9,245,20,146,92,3
8,6,10.5,9.5,3.5,4.5,5,7,75.5,163,7.5,13.5,9.5,152,11.5,58.5,135,0
5.5,9.5,11,6.5,4.5,5,6.5,5.5,94.5,199,6.5,9.5,10.5,233.5,17.5,68,138.5,3
9.5,12.5,14,8.5,6.5,6.5,3.5,4.5,30.5,50.5,11,6.5,9.5,182,13,60,130,0
8,9.5,12.5,5.5,6.5,2.5,4,4.5,71,126.5,9,9.5,4,221.5,22,72.5,83,3
9.5,11.5,10.5,8.5,7,7,8,7,71,153,6.5,8,10,248,23.5,62.5,82,3
5.5,12.5,13,8,2,7,3,5.5,98.5,212,12,8,7,157.5,15.5,59,119.5,2
7.5,8.5,6,7.5,4.5,3,4.5,4,86,224.5,7,6,14.5,116,23,26.5,92,3
7.5,14.5,6.5,5.5,4.5,3.5,5,5,55.5,168.5,6,7.5,5,119,17,40.5,126.5,0
10,13.5,13,9.5,5,4,5,6.5,77.5,105,8,12,4,143.5,21,39,48.5,0
8.5,7,11,7,4,5,5,7,17,247,10,10.5,6.5,75.5,21.5,34,72,0
6.5,10.5,8.5,8,6,3,3.5,5,45.5,136.5,11,10.5,3,227,15.5,57.5,86,0
7.5,11,6,6.5,2.5,5,6.5,4,26,146,9.5,5,6,202.5,18,25,39.5,3
5.5,8.5,14.5,9,3.5,3.5,3.5,7.5,36,126.5,11.5,8.5,13,147,12,58.5,135,0
7,14.5,11,8.5,4,2,6,5,42,211,9.5,6.5,13,219,18.5,34.5,42,0
6,13.5,15,7,5.5,6.5,4,6,57,219.5,9.5,13,3.5,216,18,147.5,36.5,0
8,8,6,8,3,2.5,6,7.5,24,166.5,8.5,8.5,12.5,198.5,17,39,84,3
8,11,7,6,4.5,7,8,8,39.5,65.5,10,13.5,9.5,237.5,16,66,116.5,3
8,11.5,7.5,7,4.5,5,4.5,4,41.5,61,7.5,11.5,6.5,28,14,35.5,95,0
8,6,9.5,9,5.5,6.5,7.5,5.5,59.5,60.5,10.5,15,0.5,101,14.5,125,51.5,0
5.5,13,7,9,5.5,6.5,6.5,6,57,172.5,10.5,7.5,4.5,186,13,130.5,62.5,0
7.5,6,13.5,8,7,4,2,6,60,175.5,11,8,7.5,139,15.5,134,32,3
8.5,11,6,5,6,2.5,7,4.5,19.5,200.5,9.5,13,0.5,211,10.5,109.5,36.5,2
8,11,9,6.5,2.5,7,6.5,7,96.5,146,7,9,1.5,67,18.5,79.5,91.5,1
9.5,7.5,8.5,8,4.5,3.5,4,6,73.5,116,10.5,9,3.5,135.5,17,64.5,51,0
7,5.5,13,7,3.5,2.5,5,7,35.5,179,6.5,14,0,93.5,19.5,54,50.5,0
6,12.5,11.5,9.5,2.5,3.5,2,5,79,56,7.5,11,8,187.5,24,148,123,3
7.5,9.5,10,8.5,3.5,6.5,2.5,6,82.5,184.5,7.5,7,10,108,22.5,51,82.5,3
5.5,15,8,6,2.5,5.5,3,6.5,77,26.5,10,7.5,8,160,18.5,142,61,3
5.5,8.5,11,10,2.5,2,4,6.5,50.5,51,8,10,9,208,20.5,42,141,3
7.5,8.5,8.5,9.5,4,6.5,3.5,6,32.5,62,11.5,6.5,8.5,145.5,11.5,59.5,42.5,0
8.5,8,14.5,9.5,6,4,6.5,4.5,68,107.5,10.5,11,6,131,15.5,99.5,50.5,0
9.5,11,14,7.5,3.5,6.5,3,6.5,75,165.5,7.5,13.5,13.5,238,13,51.5,63.5,0
9,12.5,14,8.5,2.5,6.5,8,7,75,199.5,7.5,14.5,11.5,205.5,15.5,60,93,0
9.5,12.5,7.5,9,7,2.5,5.5,6,51.5,87,10.5,5,5.5,27.5,21.5,33,54,0
6.5,10.5,7,7,6.5,4.5,3.5,7,81.5,143.5,9.5,9,6,183.5,13,80,149,0
9.5,5.5,8,8,4.5,4.5,4.5,5,46,140,9.5,9.5,3,158.5,14,86.5,48,0
8,12,7,6.5,5.5,5,3.5,8,18,163,9.5,6,10,113.5,18,128.5,81,3
6.5,6,12,5.5,2.5,3.5,8,4.5,68,218,8,14,11,212.5,25,116,107,3
8.5,11,7.5,5.5,6,3.5,4.5,5,87.5,202.5,8,8.5,0.5,144.5,13,120.5,129.5,0
5.5,14.5,5,8.5,4,5.5,3.5,4.5,53.5,134,6,10,14.5,203,21,32,140.5,3
8,11,13,6.5,4.5,5,7,6,23.5,145,10,7,3.5,238,23.5,149,40.5,3
8,12,11,9.5,5.5,2.5,4.5,5.5,28,152.5,9.5,8,1,73.5,23.5,148,110,0
6,14,10,8.5,2.5,5.5,3,4,92,162.5,7.5,12.5,10,63.5,19.5,144,40,3
7,10.5,10.5,9.5,2,3,6.5,7.5,77.5,108.5,9,11,14.5,144.5,13.5,49.5,61,0
5,10,11,8.5,2.5,5.5,6.5,6.5,39,206,7,14,13.5,218,17,27,62,3
9.5,6,6.5,5.5,7,4.5,2,4.5,27,190,11,15,12.5,207.5,19.5,127,137,3
9,13.5,9,7.5,6,4.5,4.5,6,15,240.5,11.5,5.5,7.5,70.5,14.5,28.5,118,0
7,10,8,6.5,6.5,5,5,6,30,220.5,8.5,7.5,1,45,22.5,26.5,93,0
8.5,12.5,10,8.5,3.5,4,5.5,6.5,53,98.5,8.5,13,5,202,22,95,77,3
9,5,12,7.5,7,7,6.5,7.5,31.5,37.5,9,5,14.5,71,11,147,52,0
6.5,7.5,9.5,9.5,3,6,5.5,6,26,91,11,9,8.5,244,18,75.5,67.5,3
6.5,10,11.5,6,4.5,4.5,8,7,57,185.5,6,8,5,130.5,12,103,37,0
6,14.5,12,8,7,6.5,7,6.5,89.5,128.5,6,11,3,206,19.5,124,103,0
7.5,15,6.5,9,7,6.5,7,4.5,69,243,8,9,6,202.5,21,146.5,35.5,3
7.5,9.5,6.5,6.5,6.5,4.5,7.5,4.5,76.5,145,11.5,12,13.5,129,24.5,25.5,36.5,3
6.5,9.5,7,7.5,5,5.5,3,5.5,46,145,10.5,12,0.5,136,14,61.5,143,0
7,7.5,14.5,6,2,5.5,7,4.5,30.5,186,12,14.5,4,212,10,77,70,2
8,15,12.5,8,4.5,6,5,6,25,115,7.5,8.5,3.5,54.5,11,33.5,38,0
5,14,13.5,9,6,6,6.5,5,53,165.5,10.5,13.5,11,219,16.5,125,142,3
5.5,6,14,6,3.5,2,3.5,5.5,70.5,96,6.5,7.5,3.5,147,21,65,40.5,0
5.5,10,10,7,6,7,6,7,91,127.5,7.5,12,8,160,12,92.5,40.5,0
5.5,7.5,13,8.5,7,5,4,6.5,77,84,11,7.5,10.5,123,23.5,34,136,0
5.5,9,10.5,7,4,3,4,5.5,89,154.5,7,13,2,143.5,14,132.5,134,0
6.5,14,11.5,8,6.5,6.5,4,7.5,65.5,33.5,10.5,10,9,146.5,13,136.5,150,0
6,13,10.5,8,5.5,6.5,2.5,5,85,52.5,11,14,7,249.5,23,120.5,145,3
7,6.5,14,6,5,7,5.5,6.5,93.5,55,7.5,7.5,9.5,29.5,19.5,51.5,124.5,0
5,6.5,13,6.5,5.5,5,5,6,28,160,6.5,12,12.5,52,11.5,68,72,0
5.5,8.5,9.5,6,2.5,4,5.5,5,39,27,10,5.5,1.5,131.5,11.5,44,111.5,0
6.5,14.5,13,9.5,5,4.5,4,6,65,105.5,11,13.5,2,175.5,20.5,126.5,52.5,0
6,9,8.5,10,3,5,3.5,5.5,85,204.5,10,7.5,5.5,52.5,21.5,107.5,148,3
8.5,12,5.5,9.5,3.5,5,4.5,4.5,74,41.5,10,8.5,12,137.5,12.5,79,129,0
6,12,7.5,7,3.5,7,5,8,82.5,111.5,10,6,12.5,177.5,18,83,89,3
6.5,10.5,7,9,3.5,4.5,7,4,71.5,128.5,10,14.5,11,94.5,17.5,36.5,63.5,0
10,14.5,13,6.5,4,6.5,6,6.5,57.5,121.5,7.5,10,2.5,58.5,24.5,80,44.5,0
5.5,12.5,13,9,6.5,7,3,6,69,78.5,9.5,10,13,236.5,11,80,38,0
9,12.5,12.5,6.5,7,5.5,5.5,6,28,110.5,9.5,13,11,246.5,23.5,117,102.5,3
9.5,15,13,7.5,2,2.5,6,5,91,56.5,8.5,13,14.5,80,19.5,45.5,69.5,0
6.5,8,10.5,6,3,6,4.5,5,24,35,10,12.5,0.5,114.5,12.5,33.5,38.5,0
6.5,11,8,5.5,3,3.5,2,5.5,50.5,182,6.5,6.5,11,223.5,22,71.5,47.5,3
5,8.5,12,5.5,5.5,5,5.5,7,24.5,213.5,10.5,12,9,79,13.5,59.5,81,0
9.5,7,12,8.5,6.5,4,5.5,5,30.5,54.5,8,7.5,11.5,232,11,137.5,33.5,3
5.5,11,7.5,8.5,2.5,2,3.5,7,66.5,174,8,8.5,13,173,11,90,57.5,3
7.5,5.5,8.5,7.5,6,2.5,7,5.5,24.5,129.5,8,9.5,7,228.5,19,76.5,132,3
7,12,15,5.5,5,5.5,3.5,7,80,188,10,9.5,12,72,11,131.5,54.5,0
7,7.5,8,5.5,2,6,3.5,4.5,48,223.5,10,6.5,9.5,208.5,10.5,34,111,2
7,12,6.5,5.5,6,6.5,4.5,5.5,70,151,9.5,8,6.5,234.5,11,54.5,37.5,0
8,6.5,13.5,5.5,4.5,4.5,4,8,51.5,111.5,7,7,10,216.5,18,64.5,51.5,3
9.5,5.5,5.5,5.5,3,3,3.5,6,73.5,243.5,11.5,6.5,10,142,17,33.5,119,2
5.5,11,10.5,6.5,2.5,4,3.5,6,99.5,178.5,7,9,7,125.5,23,105.5,117,3
6.5,7,6,5.5,6.5,7,4.5,5.5,38.5,236.5,6.5,6,5.5,237,13,77.5,127,3
7.5,13,14.5,8,5.5,2.5,7.5,7,66.5,180.5,8.5,13,9.5,54.5,24,86.5,146.5,0
8.5,9.5,9,7.5,4,6.5,7,7.5,62,109,7.5,10,2.5,240.5,16,128.5,136,3
5,12.5,7.5,6.5,2.5,5.5,3.5,7,34.5,55.5,9.5,13.5,5.5,28,19.5,34,95,0
10,11,5.5,7,5,4,6,5.5,71.5,182,10.5,6.5,13,227.5,22.5,139.5,134,3
5.5,14.5,14.5,6.5,3.5,2.5,2,6,28,28.5,7,5.5,10,225,16,89.5,141,3
6.5,13.5,5,5.5,4,6.5,6.5,5,48.5,163,11,8,10,96,14,48,107,2
8,12,13.5,9.5,6,4.5,2.5,7.5,80,102.5,7.5,13,6,186.5,21,113.5,139.5,0
9.5,10,10,9.5,4,2.5,4.5,8,43.5,202,7,14,10.5,203.5,21.5,131.5,49.5,3
6,8,15,7.5,4,6,6,6.5,17,139,8,15,14,53,21.5,72.5,77,3
7.5,12,7.5,7,3,6,8,7.5,92.5,236.5,11.5,10,9,186,24.5,147,112.5,3
8,9.5,12.5,5,4,3,3,4,91,187,11.5,8.5,2.5,126.5,13.5,98,122.5,0
7.5,7,11,10,4.5,3,7,5.5,51,66,9,14.5,8.5,65.5,18,95.5,145,0
6,11.5,6.5,6,3.5,5,3.5,7,72.5,244,8.5,11.5,14.5,145.5,14,83,44.5,3
8.5,11,13.5,9.5,4,4,7.5,5.5,19,215.5,6.5,8,1,111.5,19.5,98.5,47.5,0
5.5,10,15,6.5,2.5,4,7.5,7.5,72.5,249.5,10,13,7,126,20,105,131.5,2
5,7,5.5,6,6,5.5,3,4.5,80,189,8.5,7.5,1.5,76.5,22.5,39.5,133.5,2
7,14.5,8.5,6,5,4.5,7,5,66,72,11,14.5,11.5,62,24.5,60.5,81,0
8,10,10,7,4,3.5,6,4.5,55.5,158,9,10.5,8,243.5,21,56.5,98.5,3
5,8.5,10,10,2.5,5,8,4,67.5,62,8,14.5,2.5,219.5,24,87,88.5,3
7.5,8.5,9,9.5,6,7,6.5,5.5,97,188.5,11.5,8.5,11.5,64,14.5,71,77.5,0
10,8.5,9,5.5,5.5,4.5,3,6,35,115,7.5,6,13.5,42.5,17,82.5,106.5,0
8,6,6,7.5,4,3,5.5,7,53.5,124,6.5,8.5,3,169.5,22.5,85.5,103,3
8,5.5,9,7.5,5.5,3.5,7.5,6,95.5,107,11,15,4,195.5,19.5,92,94.5,3
7,9.5,12.5,10,4,7,6,7,76.5,119.5,6.5,14,9.5,188,25,28,81,0
9,6,6,8,6,3.5,5,6.5,81.5,184,9.5,8,12.5,202.5,11.5,31.5,87,3
5.5,10.5,13,6,6.5,2.5,7,4.5,92,76,9.5,7,9.5,218.5,12,91.5,112.5,3
8,6,14,9,3.5,2.5,2,7.5,87,220.5,7.5,12.5,1,166,16.5,110.5,63,0
5,10,6,5.5,3.5,6.5,6,5,69,61,7.5,10.5,8,140,16,62,50,3
6,12.5,13.5,6,4,5.5,3.5,6.5,47,225.5,8.5,10.5,11.5,159,22.5,106.5,129,3
7.5,8.5,7,6.5,6.5,3,4.5,7,88,118,10.5,10.5,4.5,186,19.5,50,143.5,3
5.5,7.5,9.5,7.5,6,5,3.5,7.5,66.5,240.5,11,10,8.5,158.5,13,135,84,3
8,10.5,6.5,6,2.5,5.5,4,5.5,35,86,7.5,7.5,11.5,207.5,16.5,109.5,30.5,3
7.5,13.5,11,6,6,2.5,7,7.5,88.5,111.5,7.5,11,13.5,163.5,14.5,133.5,27,3
8.5,9.5,9.5,8,6,3,4.5,4,57,96,9,13,11.5,160,17.5,68,93.5,3
9.5,6.5,12,5.5,3.5,3,7.5,4.5,78,217,10.5,9,8.5,214,18,91.5,26,3
10,15,14.5,9.5,4.5,3.5,7,5,99.5,137.5,8.5,9.5,5.5,144,16.5,83.5,143,0
7.5,9.5,13,5,4.5,5.5,3.5,7.5,78.5,183,10,6,10,187.5,10,114,85.5,0
7.5,5,13,8,3.5,3,7.5,5.5,29.5,82,6.5,12.5,0.5,161.5,13.5,93,116.5,0
8,14,14.5,6,5.5,3.5,7,7.5,57,239,11,5.5,6.5,233.5,17,96.5,131.5,0
7.5,14,5,8,5.5,3.5,8,5,81.5,140.5,10.5,5,9.5,207,16.5,62.5,124.5,0
6,10.5,14,8,5.5,5.5,4,5,59.5,77,9,13.5,8,190,23,106,121,3
8.5,7,13,9,6.5,6.5,7,4,97,146,7,9,0,60,23,50.5,127.5,0
6,13.5,6,5.5,2.5,4,2,5,15,128.5,7,9.5,9,43.5,20,109.5,84.5,3
9,10.5,10.5,9,3.5,4.5,6,6,49.5,38,7.5,9.5,5.5,113.5,23,32.5,75.5,0
9.5,10.5,7,8,5,6,2,7,63.5,81,6.5,14.5,4,165,23.5,147,52,3
8,8.5,14,8.5,2.5,5.5,2.5,5,64,130,10.5,5.5,1.5,129.5,11.5,113.5,89.5,0
10,14.5,12,9.5,2.5,3.5,4.5,6,35.5,60.5,8.5,10.5,10,152,15,55,80.5,0
7.5,15,10.5,8,4,7,2.5,4.5,20.5,242.5,8.5,12,12,99.5,17.5,54,98.5,0
6,5.5,11.5,8.5,4.5,5.5,3,5,16,81.5,8,9.5,4.5,97.5,12,84.5,60.5,0
8,11,11,9.5,5,4,4.5,7,69.5,197,11,13,11,62.5,13,50,141.5,0
9,9,14.5,7.5,6,5,6.5,4,44.5,45.5,8,11.5,0.5,207,15.5,27.5,65,0
5.5,12.5,14,7,4,6.5,5,5,41.5,64,9.5,9.5,3,93.5,15.5,105,122,0
5,14,14.5,6.5,3.5,4.5,7.5,4.5,38.5,167,7,11.5,10.5,100.5,17,84,83,0
7.5,13.5,14.5,9.5,5.5,4.5,7.5,4,73.5,161.5,8.5,5.5,3,226.5,17.5,45.5,58.5,0
5.5,7.5,13.5,8.5,6,3,3.5,5,53.5,53.5,12,13,2.5,181,22,28,27.5,0
8.5,8,10,9,6.5,2.5,2.5,7.5,16.5,48.5,7.5,14.5,13,148.5,15,120,99.5,3
6,9.5,14,6,4,6,8,7,91.5,173,9.5,11.5,10.5,217,18.5,123,124,3
5.5,8.5,10,8,3,5.5,4.5,6.5,24,249,6.5,5.5,8.5,199,19,147.5,95,3
6.5,8,12.5,8,5,3,2.5,6,54,133.5,7,15,7.5,118.5,19,75,114.5,0
6,13,11.5,6,3,7,3,4,25.5,112,11,6,10.5,179,11,108,96.5,3
8.5,7,9,9,4.5,4,8,4,41,33.5,11,14.5,9,213,23,28.5,49.5,3
8.5,11.5,12,6,2.5,2.5,5,7.5,56.5,217,9,12,10,126,16.5,41.5,100.5,0
10,12,8,8,5,4.5,4,6.5,31,180.5,10.5,7.5,3,192.5,24,47,110.5,0
8,14,5,8,2,6,3,5,96.5,51,6.5,8,8.5,65.5,13,54.5,63,0
10,7,7.5,8,6.5,7,4,5.5,70.5,80,11,10.5,7.5,149.5,16.5,47.5,86.5,0
5.5,14,7,9.5,7,2.5,4.5,7.5,85.5,172,8,13.5,0.5,187,16,62,67.5,0
8,8.5,12,5.5,7,5,2.5,8,91.5,57,7,14,3,226,17,54.5,90.5,0
10,7,9.5,9,6.5,3.5,5.5,4.5,51,242,8.5,8,4,102.5,19.5,44,129,0
8.5,9.5,14.5,9,2,6.5,5,5,43.5,139,10.5,7.5,14,157.5,24.5,43.5,86.5,3
9.5,9,8,6,2.5,3.5,6.5,7.5,47,171.5,9,5.5,2,218,24,117.5,129,3
5.5,10,14,5.5,5,5,5.5,4,39.5,132.5,6.5,5.5,14,102.5,21.5,49.5,108.5,3
6,5,9,6.5,6,6,4,7.5,19.5,243.5,11.5,11,7,133.5,20,141,72.5,3
7,10,10,9.5,5,4.5,3,7.5,72,33.5,8,6,9,218,20,100,120.5,3
10,7,5.5,7,2.5,5.5,5,7,96,193.5,9.5,8.5,10,170,11.5,49.5,74,1
7,15,13,8.5,6,3.5,4,6.5,83,45.5,6,12.5,1,96,13.5,40.5,134,0
8.5,9.5,6,9,3,3.5,4.5,6.5,53,235,7,8.5,6,195.5,22,56.5,73,3
8,8.5,13,8.5,3.5,4.5,4.5,8,69.5,156.5,6,15,14,165,18.5,39,117.5,3
10,11,11.5,6,5.5,3.5,4,6.5,96,109.5,10.5,5.5,7.5,179.5,21,146,145,3
8.5,13,12.5,5.5,5,3,7.5,4.5,94.5,53.5,10.5,5.5,4.5,162,19.5,138.5,99,0
6,8,13,7.5,4.5,2.5,7.5,6,15.5,54.5,6,11.5,4.5,222,18,54.5,103.5,0
6.5,8.5,13,8,5.5,4.5,5,6,48.5,85.5,11,14.5,5,62.5,12.5,140.5,27.5,0
9.5,13.5,14.5,7.5,5,5,7,6.5,27.5,235.5,7.5,5,9.5,73.5,20.5,44,83.5,0
8.5,15,7.5,5.5,5.5,5.5,2,5.5,52.5,243,10.5,7.5,11.5,217,12.5,65.5,119.5,0
9,13,9.5,7.5,5,2.5,5.5,4.5,90,199,11.5,12,5,221,23,126,53,3
9.5,6.5,15,8,4,5.5,4.5,5,15.5,178.5,6,5.5,10.5,124,13,27,63,0
6,14,10,7.5,6.5,6,5,4.5,75,71,6.5,6.5,8.5,78,13.5,143.5,61,0
7,10,14,6.5,5.5,4.5,6.5,6.5,95,151.5,10.5,13.5,9,87,24.5,87.5,60.5,0
6.5,12,5.5,7,6,4,6.5,7.5,16,197,10.5,9.5,14,53,15.5,150,42,3
5,14,12,10,5,4.5,5,6,39.5,223,10,6.5,10.5,89.5,19.5,112,29.5,0
9,6,12,9.5,6,6.5,6.5,5,17,170,11.5,14,13.5,101.5,13,113.5,83.5,0
7.5,12,7.5,10,5.5,3,4.5,5,26,158,10,13,12,112,13.5,26,70,0
8,9,12.5,7,5,4.5,6.5,7.5,49.5,188.5,8,15,9,230.5,13.5,34.5,108.5,0
7,9.5,9,5.5,6.5,3.5,3,6,27.5,46,10,6,13.5,69,14,28.5,50,0
10,12.5,9,9,5.5,3,4,7.5,59.5,153,8,12,8.5,137,16,141.5,47.5,0
8.5,8.5,10.5,6,4.5,5,3,6.5,43.5,33,10,13,11,85,22,55,88.5,3
9,7.5,7.5,5,4.5,6.5,5.5,7,61.5,61,7.5,10.5,4,234.5,16.5,72.5,58,3
8.5,8,14,7.5,6,6,3,6,92.5,64,7,10.5,2.5,73.5,12.5,122.5,60.5,0
7,9,14,7.5,6,6,3,5,61,212.5,11.5,6,1,33,17.5,119,98,0
7.5,8,7,9,3,2,5.5,6.5,50,234,7.5,5,4,232.5,10.5,112,29,3
6.5,11,7.5,10,5,4.5,2,4,88,160.5,10.5,13,9.5,229.5,15.5,148,42.5,3
8,6,10,8.5,3.5,5,5,5,23.5,38.5,11,8.5,3,34.5,10.5,107,143,0
7.5,12.5,14.5,7.5,5.5,7,3.5,6,30.5,112.5,7,7,9.5,204,14.5,115,106.5,0
7,6,8,6,3.5,6,5.5,4,29,191.5,9.5,12.5,12,118,14,93,64.5,3
9,5.5,14,8.5,5,3.5,5,6,85,28.5,11,7.5,15,49.5,16,95,103,0
7,9.5,9,6,3,6.5,6,4.5,89.5,184,11,8,9,157.5,18,129,137.5,3
9.5,14.5,5.5,6,5,4,8,7,18.5,218,10,8,7,227.5,21,57.5,42,3
6,6.5,14,5.5,5,6.5,6.5,5.5,77.5,203.5,11,12.5,2,239.5,15.5,62,101,0
7,7,9,6.5,2.5,7,5.5,6.5,38,165,7.5,12.5,15,213,11.5,91.5,114.5,3
6.5,7.5,5.5,5.5,6.5,3.5,2.5,8,29.5,67,6,8.5,6,200.5,21,47,128,3
7.5,12.5,14,8,2.5,6.5,5,5,46.5,125.5,11,6.5,14.5,110.5,23.5,85.5,30,3
10,7,7.5,9,2,2,2.5,5.5,33.5,230.5,7.5,7.5,14,179.5,18.5,101,58.5,3
8.5,9,8.5,7.5,3,6.5,3,7.5,29,75.5,10,14.5,7,100.5,18,30.5,48,0
5.5,11,13,6.5,2.5,4.5,5,4.5,59.5,133,9.5,14,2,81.5,14.5,52,108,0
7.5,8,7,7.5,6,4,2.5,7.5,59,173,9.5,10.5,14,199,23.5,30,129,3
5.5,11.5,9.5,7.5,5,4.5,2.5,6,67.5,162,10.5,13.5,14.5,72,14.5,147.5,137,3
10,12,11.5,6,2,6,5.5,8,17,110,7.5,10.5,14,58.5,13,132,73.5,0
5,9,14.5,8,2.5,6,3.5,5,17.5,28,7,11,11.5,187.5,15,115,142,3
6.5,14.5,7,5,6.5,5,7.5,7,70.5,128,6,7.5,8,90.5,18,101.5,145,0
8,14,12,6.5,3.5,4.5,6,6.5,37,142.5,6,9,10.5,99.5,22.5,77.5,119,0
5.5,7.5,11,10,6.5,4.5,7,5,34,92,12,14.5,11,64.5,10,40.5,104.5,0
8.5,6.5,9.5,6.5,3.5,7,5,5.5,29,145,6.5,7.5,3,50,13.5,62,138.5,0
9,14,10.5,5.5,3.5,2.5,5.5,8,15,100,7,8,7,111.5,22,97.5,142.5,0
8.5,6.5,13,6,5.5,3.5,3.5,6.5,25,215.5,7,6.5,8,29.5,21,87.5,51.5,0
9,7.5,13,9.5,6.5,4,6.5,5,90.5,176.5,9,5,1,129.5,13,91,138.5,0
7,8.5,13.5,9,2.5,3,5,6.5,28.5,70,11,12.5,11.5,105.5,18.5,73,112.5,0
8,14.5,8,7,5.5,3.5,5,7.5,43,63.5,6,14.5,11.5,171,12.5,34,75.5,0
7.5,14,9.5,10,6,7,5,7.5,60,190.5,11,8.5,2.5,250,24,136.5,148.5,3
7,11,13.5,9.5,7,6,5,6,18,189,10,6,8,25.5,18,37.5,47.5,0
8.5,5.5,9,8,3,2,5,5,22,54.5,10,6,2,74.5,13.5,74,85,0
5.5,15,8.5,9,3.5,5.5,8,5.5,76,140.5,6.5,11.5,9,78.5,17,100.5,125.5,0
6.5,5.5,11.5,8.5,5.5,6,3.5,5.5,28.5,25.5,9,12,13.5,128.5,22,100.5,125.5,3
6,10.5,8.5,8.5,4,7,6,6,40,202,11,7.5,5.5,193,25,144.5,139.5,3
6,6.5,5,6,3,3.5,7.5,5,51,93,12,12.5,4,147,17,45,121,2
8,12,9,10,7,6,3.5,7,96,223.5,9,11,9.5,178.5,23.5,103,91.5,3
5.5,11,10.5,7.5,5,3.5,4.5,7,36.5,233,6,13.5,6.5,28,11,54,111,0
9,5.5,9,6,4,5.5,5,4.5,79.5,103,10,9.5,11.5,162,14,57,115.5,3
5,15,5,9,2.5,3,4.5,7.5,83,150.5,11.5,7,3,89.5,17.5,107,118.5,0
9.5,7.5,14.5,9.5,6.5,5,4,4.5,44.5,63,11.5,10,14.5,73,22.5,115,106,3
5,8.5,7.5,8,7,5,4.5,4,73,200,11,14,7,204,12,105.5,143.5,3
6.5,11,6,5.5,6.5,5.5,6.5,5,50,205,11,6,2,221.5,21,49.5,100.5,3
8,11.5,8,5,3.5,5.5,3.5,5,34.5,238,10,14.5,10.5,154.5,25,99.5,47,3
6.5,10,14,5,7,6,2.5,7.5,15,241.5,11.5,6,2.5,172.5,15.5,116,126,0
9,8,13.5,7,7,7,7,4.5,41,56.5,6.5,8,13.5,164.5,18,67.5,142,0
5.5,9.5,8.5,8.5,6,3.5,5,5.5,22.5,141,7,8.5,11,185,19.5,68.5,51.5,3
8.5,15,6,5.5,3,6,3,4.5,43,133,11,14,7.5,34.5,19,141.5,49,3
8,12,13,9.5,2.5,6,8,4,15.5,232,7,9.5,11,115.5,23.5,100,145,3
5.5,14,15,7,4.5,6.5,3.5,5.5,24.5,106,8.5,15,14,114.5,23,123,118,3
8.5,7.5,12,5.5,4.5,6.5,3,6,54.5,25,10,10.5,2.5,135.5,10.5,44,148.5,0
8,10.5,10,10,2,3.5,2.5,5.5,27,151,9,6.5,14.5,237.5,22,25.5,107.5,3
9.5,15,8.5,6,4.5,7,7,6.5,46,120,12,10.5,9,90,21,105,133.5,0
5.5,11.5,12.5,8,4.5,4,3,6,47.5,94,7.5,12.5,13,135,15,33.5,76,0
7,9,7.5,6.5,3,3,4,4.5,59.5,183,9,6,6.5,131,24,51,117.5,3
7.5,7,6,8.5,7,7,4.5,4.5,33.5,238.5,7.5,15,10.5,113,23.5,40,110.5,3
6,7,6.5,7.5,7,3.5,4.5,5,71.5,138.5,6,8,4,142.5,14.5,121.5,53,3
5,8.5,7,5.5,5,4,3.5,7,74,57,7,9,3,83,24.5,30,96,0
8,7,11,5,6.5,4,3.5,5.5,88.5,174,10,9,14.5,28,13.5,89,75,0
6.5,5.5,12,7.5,7,6.5,4.5,4.5,41,116.5,9,9.5,5.5,41.5,20,138.5,121,0
7,8.5,9.5,9.5,5,3.5,2.5,5.5,16.5,167,11,14,11.5,237.5,20.5,42.5,117,3
6.5,14.5,13,5.5,4.5,3,7,6.5,26.5,35.5,7,12.5,7.5,157,18.5,59,61,0
6.5,9.5,14,8,5,5.5,6.5,8,34,165.5,6.5,13.5,12,230.5,23.5,117.5,82.5,3
5,10.5,13.5,9,3,4,7.5,6,27,162,11.5,9.5,10,197.5,16.5,108.5,60,3
8.5,11.5,7.5,9,3.5,4,2,5,15,201,11,10.5,6.5,186.5,16,102,48,0
5.5,10.5,7,5,5.5,5.5,3,4.5,44,229.5,11,11.5,11.5,186,16,58,89,3
5.5,13.5,13.5,6.5,4,3,3,6.5,31.5,203.5,6.5,5.5,9.5,87,23,85,139,3
9,8,8,7.5,7,4.5,4.5,7,67.5,177,6.5,8.5,2.5,219,23,97,97.5,3
8.5,5,6,10,5,6.5,3.5,6.5,65.5,242,11.5,14,5.5,218,15,50.5,119,2
6,14.5,10,6.5,6,4,7,8,51,240.5,6,7,5,195,20.5,100,102.5,3
9.5,10,11.5,9.5,6.5,5.5,3.5,4,56,144.5,6.5,9,9.5,163.5,10.5,90,142.5,0
8.5,12.5,11,9,6,6,5,5.5,64.5,66.5,6.5,13.5,13.5,34,23.5,94,55,0
7,5.5,5,8.5,6,6.5,2.5,6,29,190.5,6.5,12.5,3,205,14.5,101.5,27,3
5,10,7,5.5,5,5,6.5,7.5,33,61.5,11.5,6.5,3.5,238,17,37,122.5,3
7,10,10,8,6.5,4,6,7.5,17,225,6.5,13,10.5,74,22,59,71.5,0
9,9.5,9.5,9.5,5.5,6,6,4.5,75.5,129,10,12.5,3,103,24,113,126.5,0
6,9,7,6,5,5.5,4.5,6,92,185.5,8.5,9.5,3,242.5,21,79.5,66.5,3
6.5,6.5,13.5,9,4,6.5,4.5,8,74.5,134.5,9,13.5,5,107.5,18,61,146.5,0
7,7,6,8.5,7,4.5,7.5,4.5,34,75,8,6.5,4,128,13.5,30.5,34.5,0
8,13,11.5,6,3,3,2,7,79,134.5,10,11.5,5,179.5,20.5,61.5,109.5,0
6,13,15,9.5,6,2.5,4,7.5,68.5,107,11,11.5,13.5,156.5,24,41.5,36,0
7.5,14,11.5,6.5,5.5,3.5,7.5,6,52.5,111,8,14,7,41.5,15.5,64,60.5,0
7,14.5,13.5,7,4.5,3.5,3.5,6.5,84,142.5,10,14,15,30.5,24.5,27.5,114.5,0
8,6.5,14,10,7,4.5,6.5,5,19,135.5,7,11.5,9.5,191.5,15.5,100,93.5,0
9,10.5,12.5,6.5,6.5,4,4.5,6,87,124,10,13,10.5,76.5,14,136,117.5,0
6,11.5,12,6.5,2.5,5.5,5.5,4.5,78.5,158.5,11.5,9,11,91,12.5,31.5,141,0
6,5,10,6,2.5,6,3,7,41.5,198.5,12,9,5.5,215,15,48.5,76,3
8.5,9.5,8,6.5,3.5,6,6.5,5,38.5,113.5,10.5,15,3.5,156.5,20.5,35.5,107,0
5.5,5.5,12,8.5,4,6,5,7.5,90.5,69.5,7.5,14.5,0.5,43.5,20,56,56.5,0
10,9,12,7.5,4.5,4.5,4,4.5,97.5,115,9,10.5,2.5,178,11,147.5,101.5,0
5.5,8,8.5,9,2.5,5,3,5.5,64.5,135,8.5,8.5,10,224.5,11.5,47.5,104,3
10,9.5,14,5.5,4.5,5,7.5,4,24,218.5,11.5,7,2,216.5,24,118,79.5,3
9,12.5,14.5,9,5.5,6,7,5,67,250,9,12,11,120.5,19,50,144,0
8.5,13.5,12.5,10,6.5,2.5,3,4.5,88.5,132.5,6,9.5,15,174.5,22.5,67,88.5,0
8.5,8,11.5,7,6.5,4.5,8,4.5,87.5,202,9.5,6,0.5,174,17.5,141.5,122.5,0
6.5,10,5.5,6.5,6.5,5.5,6.5,5.5,68,165,7,6.5,2.5,210,13.5,82.5,146.5,0
7,9.5,14.5,6,5.5,4,3.5,6.5,32.5,142.5,11.5,6.5,6.5,93.5,13,82.5,42,0
9,10,5,6,6,2,5.5,4,91,106.5,7.5,9.5,7.5,163,21.5,47.5,130,3
5,13.5,10,5.5,5.5,4.5,4.5,5,79.5,224,10,6,0,229,11.5,125,131,0
6,7.5,14,6,5,6,4.5,7.5,17.5,242.5,11,14,15,123,21.5,133.5,78.5,3
10,7.5,11.5,8,5.5,4.5,3,7.5,43,162,9.5,13,11,26,21,38.5,49.5,0
8,10,10,9.5,5.5,5.5,5.5,7.5,83.5,205.5,7.5,14,11,73,12,138.5,130.5,0
9.5,11.5,8.5,7,3,4,7,5.5,34,125,9,14,2,197.5,17,40.5,126.5,0
8.5,7,6.5,7.5,6,5,4.5,4.5,31.5,98.5,10,10,8.5,54.5,25,81,137.5,3
6,14.5,7.5,9,2,6.5,2,4,93,149,10.5,7.5,11,243,16,30,126.5,3
5,5.5,9,6,2.5,2.5,5.5,7.5,35,205.5,6.5,7.5,5,106.5,15.5,112.5,29,3
9,10,7,8.5,5,6,3.5,4,49,68,7,12.5,1,42.5,18.5,64.5,68,0
8.5,11.5,15,7.5,3.5,2.5,2.5,5,22,54,8.5,9.5,1.5,51.5,14,139.5,109,0
7,13,14,5.5,4,2,8,6,32.5,136.5,8,7.5,12.5,116.5,16,63,131.5,0
9.5,12,5.5,9.5,2,2.5,7,5,16,236.5,6.5,12,3,47,23,74,115,0
9,14,9,8,3,6.5,4.5,6,76.5,171.5,8,14,1.5,234.5,21,128.5,121.5,3
6,12.5,9.5,5.5,5.5,6.5,2.5,5,95.5,209.5,8.5,11.5,12.5,125.5,12.5,149,109.5,3
6,11,7,9.5,7,4.5,4,4.5,28,228.5,8.5,6,8,95.5,15,55.5,101.5,0
8.5,14,7,5.5,5,4,5.5,7.5,56,81.5,6,13.5,4,156.5,24.5,48.5,46.5,0
8,12,9,8.5,4.5,3.5,5,7.5,98.5,100.5,9,12,14.5,44,23,58.5,28,3
7,12,7.5,9,2,5,5.5,7,20,151.5,8,6.5,1,168,11,99.5,46.5,0
9,10,9.5,9.5,3.5,3,5.5,7,28,125,9.5,8.5,3,216.5,19.5,77.5,35,0
9,7,9,9,3.5,2.5,5,4.5,59.5,235.5,11.5,9.5,9.5,26,11,82,104.5,2
6.5,9.5,13,9.5,3,7,6.5,5,72,172,9.5,6,5.5,174,23,120,140,3
10,5.5,11,8.5,5,6.5,7,7.5,71,47,6.5,8.5,2,100.5,15.5,98.5,97.5,0
8,7.5,9.5,6.5,4,3,4.5,7,19.5,68,7,11,11,141.5,11,26,43.5,0
5,14,11.5,7,5.5,4.5,3,6,76.5,222,9,14.5,9.5,144,20,119.5,105,3
9,14.5,10,9.5,3,6.5,5,5.5,51.5,142,8.5,7,8,242.5,23,144.5,76,3
6,7.5,11.5,8,4,2,2,6.5,50.5,48.5,10.5,6,2,25.5,24,51.5,96,0
5.5,12,12,8,5.5,6,2.5,7,66.5,199.5,11,14,5.5,76.5,15.5,82,101,0
6,11.5,10.5,5.5,3,3.5,4,4.5,70,95.5,8.5,6.5,0.5,108.5,14.5,147.5,119,0
6.5,9,7.5,6.5,3,5,2.5,7.5,67,243.5,10.5,14,14,110,21,121.5,55.5,3
8,11.5,12,9,2.5,2,5.5,4.5,80.5,144,10.5,7.5,9,39,16,32.5,128,0
6.5,10.5,13,7.5,3.5,2.5,2,7,35.5,106.5,10.5,14,6.5,27,22.5,117,68,0
5.5,8.5,5.5,7,3.5,3.5,8,4.5,75,101,9,12.5,9,162.5,17.5,34.5,134,3
7,8,5,9,3,2.5,5,4,88.5,73.5,6,7.5,2,210,11,122,124.5,3
8.5,8,11.5,7,6.5,3.5,8,7,84.5,225,7,10.5,7.5,43,15.5,53,61.5,0
7,9,9.5,5.5,4,3.5,7,7,54,123,8,7.5,12,241,10,132.5,109.5,3
5,8.5,13,9,5.5,4.5,7.5,6,68,120,10.5,8.5,12.5,141.5,18.5,112.5,135.5,3
8.5,9,13,6.5,6,5,3,5,85.5,41,11.5,6.5,6,112.5,21.5,94.5,67.5,0
6,9.5,11,9.5,6.5,7,3,6,23.5,190.5,11,9.5,1,196,13,80.5,129,0
7.5,6.5,13,9,5,2.5,6.5,6.5,39.5,136,8.5,8.5,8,77,11,96,85,0
9.5,12.5,12,6,5.5,2.5,3,7.5,67,186.5,7,7.5,10.5,231.5,19.5,118,104,3
6.5,13.5,13.5,7,6.5,4,6.5,7,20,98,7.5,10,1.5,175.5,20.5,148.5,68,0
5,9,14,9.5,4.5,3.5,6,5,56,59,10,5.5,10,164.5,14.5,67.5,109.5,0
5.5,12,5.5,7,7,2.5,6,7,83,162.5,7.5,8,5.5,40,24.5,38.5,103.5,0
6,14.5,7,7,2,5,2.5,7.5,92.5,80,8,11.5,10,111.5,16,111,105.5,3
6,14.5,6.5,6.5,5.5,5.5,3,7,80.5,117.5,9,8,7,119.5,19.5,147,36,3
6.5,11,14,5.5,5.5,6,2.5,4.5,80,27,9.5,8,5,74,14,93,53.5,0
8,9.5,7.5,7.5,4,5.5,7.5,6.5,19,58.5,11.5,11,1,229.5,12.5,116,28,0
5.5,11.5,7.5,5.5,5,4.5,6,8,93.5,73,8,14,13,60,16,101.5,121,3
5.5,9.5,5.5,8.5,3,4.5,4.5,6,49.5,109.5,12,9,1,97.5,21,147,29,3
5,14.5,6,7.5,3,6.5,7.5,8,86.5,29,11.5,12.5,8.5,179,21.5,56,69.5,3
9,5.5,9.5,10,5,3,7,7,55.5,41.5,9.5,12.5,1,227.5,23.5,126,129.5,3
8.5,11.5,11,7,2.5,4.5,6,6,49,174.5,12,7.5,8.5,93.5,11,146.5,99,0
5.5,9.5,8.5,8,6,3,2,7,47,224,10,6.5,11,236,16,48,142,3
8,10,9,6.5,4,5.5,7,8,26,248,7.5,8.5,6.5,191.5,17,59,67,3
6,6.5,7.5,8.5,5.5,5.5,2,6,64,107.5,9,8.5,11,239.5,22,95,104.5,3
9.5,5.5,8,9,4,3.5,5,6.5,48.5,100,10.5,11.5,6,128.5,12,53,138,0
8,11.5,14.5,6,7,2.5,5,7,27.5,85.5,9.5,13.5,14.5,244.5,23,29.5,31.5,3
7.5,10.5,8.5,8.5,2,3,5,5.5,56.5,84.5,9,8,12.5,110.5,20.5,127.5,84.5,3
9,10,11.5,8,5.5,5.5,5,8,22.5,185,10.5,10,7.5,237,19,127,142,3
9.5,5.5,7.5,8.5,5,6.5,7.5,7.5,81,69.5,11,9,3.5,141,16.5,116,126,3
9,14.5,12,6,4,5,4.5,6.5,78,28,8.5,6,9.5,83.5,17,59,91.5,0
5.5,5.5,12.5,5.5,6,3.5,4,5.5,91,236.5,11.5,13,14,27,24,145,50.5,3
6.5,10,10.5,9,4.5,4.5,4,6.5,60.5,234,7.5,11.5,4.5,225.5,16,69.5,128,0
7,6.5,10,8.5,5,2.5,2,6.5,64.5,202.5,10,14,2.5,64.5,23.5,45.5,125,2
6,9,6.5,9.5,4.5,3,3.5,5.5,74.5,241.5,11.5,8,11.5,93.5,17,76,109,2
6,5.5,11.5,6,4,5.5,3,5,51.5,74,8,11.5,11,205.5,18,50.5,93,3
6,10,6.5,9,4,2.5,4.5,7,56,39,8,8,4.5,38,11.5,64,53,0
7.5,7.5,7.5,9.5,6,5,5,5,55.5,135,7,12,1,229.5,24.5,136,79,3
9.5,6,10.5,5,4,6,8,5.5,70.5,199.5,7.5,10.5,1,29.5,17,147.5,100,0
6,12,10.5,5,7,4.5,5.5,7.5,85.5,155.5,8.5,5.5,10.5,233,18.5,63,65.5,3
9.5,10.5,6,8.5,3.5,7,4,6.5,43.5,106.5,12,13.5,13,41.5,22,149,122.5,3
7.5,12.5,9,8.5,3.5,6.5,4,5.5,15.5,111,9,13,14,199,19.5,83,55.5,3
5,6.5,12.5,6,4,6,4.5,7.5,22,142,11.5,14,6,237.5,23.5,50.5,32,3
5.5,14.5,14,10,3,6.5,3.5,7.5,42,138.5,7.5,9,11.5,94,22,149,138.5,3
10,8,11,8.5,2.5,3.5,3,5.5,37,174,9.5,5.5,13,108.5,14,45,139.5,0
10,12,7.5,7.5,5,6.5,7,4,82,130.5,12,6.5,12.5,164.5,16,79,116,3
10,12.5,10.5,6.5,5.5,5.5,7,6.5,86,201.5,11.5,9.5,9,205.5,23,72,77,3
5,6,7,7.5,5.5,6,4.5,5,82.5,119.5,10.5,10.5,12.5,151,12.5,129.5,86,3
7,5,7,8.5,6.5,4.5,6,7.5,84,133,7.5,7,15,70.5,13,32,40.5,1
8,11,13,6,6.5,6,7.5,6.5,60,149,10.5,6.5,2.5,119,16,45.5,137,0
10,9,8,6,5,5.5,2.5,6,46,149.5,7,12.5,2,153.5,23,25.5,112,0
7.5,6.5,5.5,6.5,3.5,2.5,3.5,4.5,33,36,11.5,12.5,8.5,167.5,13.5,112.5,57.5,3
6,10,9,6,2.5,5,5.5,6,91.5,114.5,8.5,10.5,7.5,201.5,20.5,55,98.5,3
9,13,14,5.5,6.5,4,3.5,7,41,90.5,9,5,14.5,26,21,90.5,61.5,0
6,7.5,10,9,6.5,6.5,5.5,6,79,150.5,8,8,6,207,16,106.5,108,3
7,9,5.5,6,4,6.5,5.5,6,43.5,103,8,8,10.5,82,11.5,84,124,3
5,11,10.5,6.5,4,3,3.5,5.5,40,62.5,9.5,11.5,5.5,178.5,17.5,148.5,137,3
9,11.5,9,8.5,3.5,5.5,2.5,7,27.5,80,9.5,11.5,7.5,158,12.5,100,74.5,0
9,12,9,8.5,4,5,7,7.5,98,150,10,15,5.5,120,16.5,149,77.5,0
8,15,5.5,8.5,4.5,4,4.5,5,22,82.5,11,8,9.5,165.5,13.5,104.5,52,3
6,14.5,14,8,2.5,3.5,2.5,4.5,93,35,10,8.5,10,232.5,25,107.5,30.5,3
8,8.5,10,6,5.5,4,6,5.5,63,91.5,12,12.5,12.5,25.5,18.5,134,69.5,3
7,15,9,8,2.5,3.5,5.5,6.5,29.5,184,7,11,10,146.5,22,102,110,3
5.5,12.5,12.5,10,6.5,2.5,5,5,84.5,201.5,7,10.5,1,95,13.5,70.5,108,0
5.5,13,10,6.5,5.5,6,5.5,4.5,62.5,170.5,9,12,7,181,22,142.5,113.5,3
6,7.5,5.5,5.5,3.5,3,3.5,7.5,71.5,150,6,10,12.5,245.5,13,110,84.5,3
9.5,8.5,15,7.5,3.5,5.5,6.5,7.5,60.5,193.5,9.5,12.5,4.5,64,25,68,44.5,0
7.5,7,13,8,3,5,3.5,7,90,202.5,8,10,8,125,15.5,112,141.5,0
7.5,12,13.5,7,3.5,7,4,4,94.5,107,7,8,8.5,30.5,10,112.5,55,0
9.5,5.5,6.5,7,3.5,4.5,6.5,7.5,99.5,221.5,7,6,14,29,11.5,142,116.5,1
7,8.5,14.5,7.5,6,6.5,4.5,5,90.5,78,8,14.5,11.5,129.5,21,106.5,96,3
7,12,9,10,5,5,4.5,5.5,51,212.5,8.5,13,13.5,68,24.5,121.5,29,3
10,12.5,10,5.5,2.5,6,7,5,66.5,180,9.5,10.5,1,179,20,145.5,63.5,3
5.5,12,5,8,3,7,5,4.5,55,182,6.5,14,5.5,157.5,15,135,52,3
9,7.5,7.5,5.5,5.5,5,8,5.5,54.5,27,11,10,1.5,82.5,12.5,138.5,53.5,0
10,11.5,8,8,5,3,7.5,5,59.5,179.5,11.5,12.5,9,55,14,28,114.5,0
8.5,8,11,6.5,5,2,3,6,87.5,83.5,11.5,10,2,37.5,14.5,92.5,115,0
9.5,14.5,6.5,8.5,2.5,6.5,2.5,7,94,157.5,8.5,7.5,9,151,13.5,28,88.5,0
5,5,8.5,8,5.5,5.5,5.5,5.5,39.5,248,10.5,14,0,198,11,37,35,2
7,6,11,9.5,4,5.5,7.5,6,73,85.5,9,12.5,10.5,105.5,23,122,135,3
8.5,11.5,7.5,9.5,2.5,6.5,5,5,87,45.5,10.5,11,13.5,242,24.5,51,46.5,3
6.5,6,5.5,9,3,5.5,7,6,97.5,134.5,8,10,11,209,18,144.5,37,3
9.5,8.5,7.5,9,6.5,4,5,4.5,65,40,10.5,8.5,8,227.5,22.5,147,57,3
8,7,5.5,8.5,5,3.5,5.5,8,79.5,41.5,6.5,11.5,9.5,105,16,107,66.5,3
6,11.5,6,7.5,3.5,4,4.5,4.5,32,153,9.5,14,6.5,30.5,22.5,136.5,42,3
7,9.5,8,8,4,6,5,6,54.5,220.5,9.5,12,3,128,22,63.5,28.5,2
7.5,8,14.5,5.5,7,2.5,4,4.5,37,185,10,9,0.5,173.5,12.5,145.5,47,0
6.5,12.5,6,5,6.5,3,7,5.5,66,63.5,9,8,6,117.5,23,58.5,143,3
9.5,12.5,11,6,5,5,7,8,89.5,102,9,8,6,183.5,19,52,80.5,0
10,14.5,6,7.5,4.5,3,6,5,93.5,94.5,7,10,8.5,111.5,18,113.5,89.5,0
7,9.5,5,5.5,4.5,7,2.5,6.5,91,88,11.5,10,5.5,138,14.5,39,111,1
8,6,13.5,9,3.5,3,5.5,6,85,71.5,9.5,13,8.5,189,23,109,139.5,3
9,10.5,5.5,9.5,2.5,3,6,5.5,55.5,95,10,7,1.5,100,11,29,141.5,0
6,14,10.5,8,5,4.5,4.5,7,30,69.5,7.5,8.5,9.5,31,13.5,97,53.5,0
10,9.5,6.5,7,3,6,3.5,6,43,132.5,9.5,12,12.5,181,21.5,94,37,3
8,5,9,6,4.5,2,5.5,6,19.5,141.5,7.5,15,7.5,67.5,13,75.5,129.5,0
8.5,13.5,8,5.5,5,5.5,4,6.5,91,199.5,11.5,13.5,11,244,17.5,67,98.5,3
7.5,14.5,13,9,3.5,5.5,6.5,7,92,153.5,10.5,5.5,1,194,10,116,33.5,0
7.5,14.5,11,5.5,5,6,6.5,7,38.5,214.5,9.5,8,0,164,14.5,125.5,110.5,0
5.5,13,12.5,6.5,4,4,3,4.5,78.5,88.5,9,8,10.5,195,15.5,128,48,3
7,14.5,6,6,2,2,8,7,33,246,9,6.5,1,201,11.5,67.5,117,0
7,14,11,5.5,6.5,4.5,7.5,4.5,65.5,166,9,9,11,121,23.5,124.5,76.5,3
6,13,12,6,6,5,2,5,66,174,10,7,13.5,29,21,75.5,115.5,0
6,13,9,9.5,5,6,6.5,6,30.5,130.5,8,11.5,13.5,231,10.5,56,35,0
8,8,9,7.5,3,4,6,5,91,167.5,8,10.5,6,101.5,11.5,111.5,130,0
9,14.5,15,6,6,6,4.5,5,25,91.5,9.5,14.5,5.5,44,15.5,72,40,0
8,8,6.5,7.5,2.5,7,2.5,6.5,72,129.5,11.5,8.5,2,100,19,102.5,51.5,2
8.5,6,10.5,9.5,3,5,2.5,7.5,35.5,73,7,5.5,3.5,149,17,97.5,88,3
7.5,9.5,9,6.5,2,5.5,2,7.5,77.5,249,9.5,7.5,5.5,33.5,21.5,68.5,109,2
6.5,14.5,7,7,6.5,5.5,7.5,6,73.5,130,11,11.5,13,97.5,23,29.5,127,3
5.5,6,14.5,8.5,4.5,4,3.5,8,22.5,97.5,9,6.5,10.5,222,22.5,134.5,68.5,3
10,6.5,11,8.5,4.5,3,3,6.5,95.5,128.5,7.5,11,9,111,20.5,74,118,0
8.5,5,10,9.5,5.5,4.5,5,6.5,41,201.5,7,10.5,10,140,10,26,60,0
7,10,9,6.5,3.5,3,8,6,69,140,6.5,6,10,151,16.5,116,38,3
8,7,5.5,7,5,7,4,8,72,158,9.5,13,4,143,17.5,134,100,3
6.5,6.5,10.5,10,3,3,4,7,21.5,51,12,10.5,14.5,193,20,40.5,36,3
9,7.5,10,7,5,2,7,6,58,106,10.5,9.5,4.5,119.5,21,55.5,73,0
7,5.5,12.5,9.5,6,6.5,7.5,4,41.5,116.5,10,9,3.5,205.5,22.5,26,113.5,0
8.5,8,11,6,2.5,6.5,6,4.5,59.5,42.5,9.5,5,11.5,248.5,22,45,79,3
9.5,13.5,8.5,5.5,6,6,6,4.5,34,75,10,6,9.5,236,19.5,75,70.5,3
5.5,8,7,5.5,4,5.5,5.5,7,64,100,9,14.5,13.5,201.5,22,129,123,3
7,12.5,9,5,5,3.5,3.5,4.5,27,141,9.5,10,13,73,21.5,45.5,27.5,3
7.5,13,15,6,5.5,6,5.5,7.5,29,88,9.5,8,2,41.5,18.5,140.5,126,0
8.5,10.5,8.5,10,3,5,6.5,7,16,84.5,11.5,11.5,7,86.5,21.5,75.5,120.5,0
6.5,9.5,11,7.5,2.5,6,3.5,5,93.5,72,6.5,7.5,9.5,200,20,80,122.5,3
8,11,13.5,10,7,5,6,5,17.5,206,12,13.5,12.5,146.5,15,145,49.5,0
7,7.5,10,8,4,5,4,7,20,247.5,8.5,13.5,1.5,186,16.5,85,68.5,2
5.5,9.5,11,5.5,6,2.5,2,6.5,54,163,10,9,9,52.5,19.5,73.5,107.5,0
6,10,12.5,9,4,3,4.5,6.5,59.5,121.5,10,8.5,1,243.5,12,120.5,101.5,0
9,9.5,6.5,6.5,3.5,3.5,5,6.5,82,188,7.5,12.5,7,207.5,14,92,76,3
6,13,5,8.5,4,5,7,7.5,76.5,191.5,7.5,7,9.5,159,23.5,147,63.5,3
6,14,13,6.5,7,6,4.5,7.5,58,127,11.5,14,13.5,112.5,16,32.5,109.5,0
6.5,14.5,13.5,7,4.5,6,3,6,31,84.5,7,8,4.5,32,18,64.5,60,0
9,7,7,8.5,3.5,6.5,6,7,65.5,216,6,9,13,91.5,18,134.5,126,3
9.5,14,7,6.5,3,4,6.5,7.5,38.5,54.5,6,6,13.5,194,16,147.5,73.5,3
6,8,5.5,9,3.5,3.5,7,5,84,145.5,9.5,8.5,5,236.5,23,129.5,38,3
6,7,10,6.5,2.5,6,5.5,5.5,63,219,7.5,10,5,194,15.5,103.5,140,3
8.5,8.5,13,8.5,6.5,4.5,4,5,35,52.5,10,7,3,144,11,129.5,76,0
5.5,5.5,7,9,7,2.5,2.5,6,41.5,187,8.5,14.5,9,190,12,61.5,136.5,2
